Type,Sku,supplier_sku,supplier_name,Name,Brand Name,Short Description,Description,Part Number,In stock,Regular Price,_supplier_price,New Category Path,Special Price,min_order,sale_term,Focus Keyword,Meta _Description,Estimated Dispatch,,Images,datasheet_pdf,Features_1,Features_2,Features_3,Features_4,Features_5,Features_6,Features_7,Features_8,Features_9,Features_10,specification_1,specification_2,specification_3,specification_4,specification_5,specification_6,specification_7,specification_8,specification_9,specification_10,specification_11,specification_12,specification_13,specification_14,specification_15,specification_16,specification_17,specification_18,specification_19,specification_20,Civil Defence Approved,,product_url
,pack-0001,,,"3M 250 Crepe Flatback Masking Tape, 1"" X 60 Yds., 5.9 Mil Thick",,"3M 250 Crepe Flatback Masking Tape, 1"" X 60 Yds., 5.9 Mil Thick","1"" x 60 yds. 3M 250 Crepe Flatback Masking Tape has a heavy thickness that allows for good paint lines. This pressure sensitive tape adheres instantly and is solvent and moisture resistant. Tape will remove cleanly from stainless steel and powder coated products. Stiff backing allows for easy positioning. Tape features a natural rubber adhesive and can withstand temperatures of up to 250° F for 30 minutes. 5.9 Mil thick.",,36,10085.3,,Tapes>Masking Tape>Flatback Tape,,,,,"3M 250 Crepe Flatback Masking Tape, 1"" X 60 Yds., 5.9 Mil Thick",,,https://www.thepackagingcompany.com/media/catalog/product/cache/2/image/626x/040ec09b1e35df139433887a97daa66f/i/m/image_69872.jpg,,Tape will remove cleanly from stainless steel and powder coated products.,Stiff backing allows for easy positioning.,5.9 Mil thick.,,,,,,,,,,,,,,,,,,,,,,,,,,,,,,
,pack-0002,,,"3M 2460 Gold Flatback Masking Tape, 1"" X 60 Yds., 3.3 Mil Thick",,"3M 2460 Gold Flatback Masking Tape, 1"" X 60 Yds., 3.3 Mil Thick","1"" x 60 yds. 3M 2460 Gold Flatback Masking Tape is great for producing straight lines in man painting applications. Tape peels off cleanly without leaving an adhesive residue and provides a sharp paint line with low paint ridge. Gold flatback tape features an acrylic adhesive, is moisture and solvent resistant, and can withstand temperatures of up to 300° F for 30 minutes. 3.3 Mil thick.",,36,1363.58,,Tapes>Masking Tape>Flatback Tape,,,,,"3M 2460 Gold Flatback Masking Tape, 1"" X 60 Yds., 3.3 Mil Thick",,,https://www.thepackagingcompany.com/media/catalog/product/cache/2/image/626x/040ec09b1e35df139433887a97daa66f/i/m/image_69865.jpg,,Tape peels off cleanly without leaving an adhesive residue and provides a sharp paint line with low paint ridge.,3.3 Mil thick.,,,,,,,,,,,,,,,,,,,,,,,,,,,,,,,
,pack-0003,,,"3M 346 Natural Flatback Masking Tape, 12"" X 60 Yds., 16.7 Mil Thick",,"3M 346 Natural Flatback Masking Tape, 12"" X 60 Yds., 16.7 Mil Thick","12"" x 60 yds. 3M 346 Natural Flatback Masking Tape is great for indoor and/or outdoor protection of plastics and metals. Heavy-duty tape will remove cleanly for up to 6 months. Tape functions optimally on surfaces between 60° and 100° F. Tape provides great surface protection and is abrasion resistant. Tape features a weather resistant backing and rubber adhesive. 16.7 Mil thick.""",,1,1623.72,,Tapes>Masking Tape>Flatback Tape,,,,,"3M 346 Natural Flatback Masking Tape, 12"" X 60 Yds., 16.7 Mil Thick",,,https://www.thepackagingcompany.com/media/catalog/product/cache/2/image/626x/040ec09b1e35df139433887a97daa66f/i/m/image_69833.jpg,,Tape provides great surface protection and is abrasion resistant.,Tape features a weather resistant backing and rubber adhesive.,16.7 Mil thick,,,,,,,,,,,,,,,,,,,,,,,,,,,,,,
,pack-0004,,,Phoenix M-1 Gummed Tape Dispenser,,Phoenix M-1 Gummed Tape Dispenser,"Phoenix M-1 manual gummed tape dispenser designed to feed, moisten and cut water activated tape for case sealing applications. Designed as a durable, hassle-free solution for use with tapes ranging in width from 1.5"" to 3"", the M-1 dispenser can dispense tape lengths up to 30"" with a single pull of the handle - and longer lengths with multiple pulls - to deliver professionally sealed packages.",,,1578.55,,Tapes>Dispensers>Gummed Tape Dispenser,,,,,Phoenix M-1 Gummed Tape Dispenser,,,https://i2.wp.com/www.shurtape.com/wp-content/uploads/imported-files/lewfordoxgohvjhzqodc.png,,Glue is easily activated by double moistening brushes.,"Easy to pull, clean knife cut, length control and water level control.",Constructed of sturdy steel and built to last.,,,,,,,,,,,,,,,,,,,,,,,,,,,,,,
,pack-0005,,,Better Pack 333 Manual Gummed Tape Dispenser,,Better Pack 333 Manual Gummed Tape Dispenser,"The Better Pack is the most popular manual water activated tape dispenser in the world! Rugged steel side frames ensure long life. Hardened guillotine cutting blades eliminate tearing action found on competitive models. Water brush system ensures uniform wetting. Easy pull handle dispenses up to 30"" (76cm); repeat strokes provide longer lengths. Compare with our other gummed tape dispensers.",,,1125.45,,Tapes>Dispensers>Gummed Tape Dispenser,,,,,Better Pack 333 Manual Gummed Tape Dispenser,,,https://cdn.shopify.com/s/files/1/2618/8176/products/better-pack-333-plus-lever-gum-tape-dispenser_2000x.jpg,,"Designed for nonreinforced gummed tape or reinforced gummed tape 1-1/2 to 3"" (4-7cm) wide.",Ideal for use with our complete line of quality gummed tape.,,,,,,,,,,,,,,,,,,,,,,,,,,,,,,,
,pack-0006,,,Marsh TD2100 Manual Gummed Tape Dispenser,,Marsh TD2100 Manual Gummed Tape Dispenser,"The Marsh Manual TD2100 features 12 gauge, all metal, uni-body chassis construction. It provides a 70 oz. water bottle for fewer refills as well as a stainless steel guillotine style cutter for long life and minimal cleaning. With the Marsh 5HT no longer in production, its new and improved replacement, the Marsh TD2100 is a quality unit at an affordable price.",,,1209.21,,Tapes>Dispensers>Gummed Tape Dispenser,,,,,Marsh TD2100 Manual Gummed Tape Dispenser,,,https://cdn.shopify.com/s/files/1/2618/8176/products/marsh-td2100-manual-paper-gum-tape-dispenser_2000x.jpg,,"Easy pull handle for variable tape lengths; 5"" - 36"" (12.7 cm to 91.4 cm) in a single pull.",Longer lengths by additional pull.,The handle returns itself and tape is cut off automatically.,Adjustable cushioned stop for repeat cut off of desired lengths,,,,,,,,,,,,,,,,,,,,,,,,,,,,,
,pack-0007,,,Packer 3 Pull & Tear Gummed Tape Dispenser,,Packer 3 Pull & Tear Gummed Tape Dispenser,"Better Packages Packer 3s Pull & Tear Machine. Simple pull and tear paper gum tape dispenser. Ideal for low volume use. Fits 1"" to 3"" tape widths. Unique ""subway feed"" for uniform tension to aid in tape moistening.",,,715.38,,Tapes>Dispensers>Gummed Tape Dispenser,,,,,Packer 3 Pull & Tear Gummed Tape Dispenser,,,https://m.media-amazon.com/images/I/81+4q0HrCJL._SL1500_.jpg,,Simple pull and tear paper gum tape dispenser.,Ideal for low volume use.,"Fits 1"" to 3"" tape widths.","Unique ""subway feed"" for uniform tension to aid in tape moistening.",,,,,,,,,,,,,,,,,,,,,,,,,,,,,
,pack-0008,,,3M H38 Stretchable Tape Dispenser,,3M H38 Stretchable Tape Dispenser,"Made with durable, lightweight materials for quick, easy taping. Dispenses tape in one motion for effective bundling and packaging. Comfortable design allows for easy stretching of the tape.",,,331.319,,Tapes>Dispensers>Stretchable Tape Dispenser,,,,,3M H38 Stretchable Tape Dispenser,,,https://cdn.shopify.com/s/files/1/2618/8176/products/3m-h38-stretchable-tape-dispenser_2000x.jpg,,Strength/Material: Plastic,Style: Stretchable Tape Dispenser,,,,,,,,,,,,,,,,,,,,,,,,,,,,,,,
,pack-0009,,,3M P56W Multi-Roll Table Top Dispenser,,3M P56W Multi-Roll Table Top Dispenser,"3M P56W Multi-Roll Table Top Dispenser. Ideal for carton sealing, masking and other pressure sensitive tapes. Maximum tape width capacity is 6"". Weighted 11# base for stability. Plastic construction.",,,437.94,,Tapes>Dispensers>Table Top Tape Dispenser,,,,,3M P56W Multi-Roll Table Top Dispenser,,,https://cdn.shopify.com/s/files/1/2618/8176/products/3m-p56w-multi-roll-table-top-dispenser_2000x.jpg,,"Maximum tape width capacity is 6"".","Ideal for carton sealing, masking and other pressure sensitive tapes.",Plastic construction.,,,,,,,,,,,,,,,,,,,,,,,,,,,,,,
,pack-0010,,,3M HB900 Single Roll Table Top Dispenser,,3M HB900 Single Roll Table Top Dispenser,"3M HB900 Single Roll Table Top Dispenser. Features weighted, slip proof base for one handed operation. Handles 1"" tape on a 3"" core. Sturdy and economical.",,,68.893,,Tapes>Dispensers>Table Top Tape Dispenser,,,,,3M HB900 Single Roll Table Top Dispenser,,,https://cdn.shopify.com/s/files/1/2618/8176/products/3m-hb900-single-roll-table-top-dispenser_2000x.jpg,,"Handles 1"" tape on a 3"" core.","Features weighted, slip proof base for one handed operation.",Sturdy and economical.,,,,,,,,,,,,,,,,,,,,,,,,,,,,,,
,pack-0011,,,"3M 620 - 2"" Anti-Static Tape Dispenser",,"3M 620 - 2"" Anti-Static Tape Dispenser",3M 620 - 2 inch anti-static tape dispenser. Use to dispense 3M anti-static tape. Base is weighted for added stability. Holds tape up to 2 inch wide on 3 inch cores.,,,1363.44,,Tapes>Dispensers>Table Top Tape Dispenser,,,,,"3M 620 - 2"" Anti-Static Tape Dispenser",,,https://cdn.shopify.com/s/files/1/2618/8176/products/3m-620-2-anti-static-tape-dispenser_2000x.jpg,,Base is weighted for added stability.,"Holds tape up to 2"" wide on 3"" cores.",Strength/Material: Stainless Steel,,,,,,,,,,,,,,,,,,,,,,,,,,,,,,
,pack-0012,,,"3M P52W 3"" Core Table Top Dispenser",,"3M P52W 3"" Core Table Top Dispenser","3M P52W 3"" Core Table Top Dispenser. Convenient 1"" and 3"" core tape dispensers keep hands free. Weighted and balanced for stability on work services. Withstands industrial demands and large volume packaging operations with its high impact plastic construction. Allows for one-handed dispensing of a wide variety of tapes. Holds multiple rolls of 3"" core tapes. 2"" wide blade.",,,428.65757,,Tapes>Dispensers>Table Top Tape Dispenser,,,,,"3M P52W 3"" Core Table Top Dispenser",,,https://cdn.shopify.com/s/files/1/2618/8176/products/3m-p52w-3-core-table-top-dispenser_2000x.jpg,,Weighted and balanced for stability on work services.,Heavy-duty dispenser for busy offices and retail counters.,Allows for one-handed dispensing of a wide variety of tapes.,"Holds tape on a 3"" core.",,,,,,,,,,,,,,,,,,,,,,,,,,,,,
,pack-0013,,,"3M C22 3"" Core Table Top Dispenser",,"3M C22 3"" Core Table Top Dispenser","3M C22 3"" Core Table Top Dispenser. Convenient 1"" and 3"" core tape dispensers keep hands free. Weighted and balanced for stability on work services. Great for studios, classrooms and frame shops. Allows for one-handed dispensing of a wide variety of tapes. Holds 2 rolls of 1"" wide tape on 3"" cores.",,,358.47,,Tapes>Dispensers>Table Top Tape Dispenser,,,,,"3M C22 3"" Core Table Top Dispenser",,,https://cdn.shopify.com/s/files/1/2618/8176/products/3m-c22-3-core-table-top-dispenser_2000x.jpg,,Weighted and balanced for stability on work services.,Heavy-duty dispenser for busy offices and retail counters.,Allows for one-handed dispensing of a wide variety of tapes.,"Holds tape on a 3"" core.",,,,,,,,,,,,,,,,,,,,,,,,,,,,,
,pack-0014,,,"3M C25 3"" Core Table Top Dispenser",,"3M C25 3"" Core Table Top Dispenser","3M C25 3"" Core Table Top Dispenser. Convenient 1"" and 3"" core tape dispensers keep hands free. Weighted and balanced for stability on work services. Heavy-duty dispenser for busy offices and retail counters. Allows for one-handed dispensing of a wide variety of tapes. Holds tape on a 3"" core.",,,151.79,,Tapes>Dispensers>Table Top Tape Dispenser,,,,,"3M C25 3"" Core Table Top Dispenser",,,https://cdn.shopify.com/s/files/1/2618/8176/products/3m-c25-3-core-table-top-dispenser_2000x.jpg,,Weighted and balanced for stability on work services.,Heavy-duty dispenser for busy offices and retail counters.,Allows for one-handed dispensing of a wide variety of tapes.,"Holds tape on a 3"" core.",,,,,,,,,,,,,,,,,,,,,,,,,,,,,
,pack-0015,,,Double Sided Masking Tape Dispenser,,Double Sided Masking Tape Dispenser,"The Double Sided Masking Tape Dispenser is an attractive, metal desktop model with fine blade and metal spool that adjusts easily for adhesive tapes",,,560.29932,,Tapes>Dispensers>Masking Tape Dispenser,,,,,Double Sided Masking Tape Dispenser,,,https://cdn.shopify.com/s/files/1/2618/8176/products/double-sided-masking-tape-dispenser_2000x.jpg,,Strength/Material: Metal,,,,,,,,,,,,,,,,,,,,,,,,,,,,,,,,
,pack-0016,,,"1"" Single Roll Masking Tape Dispenser",,"1"" Single Roll Masking Tape Dispenser","Dispense single or multiple rolls of tape on the same dispenser (for the 2"" or 3"" styles). Guides keep tape separated for an easy fit.Serrated blade cuts tape cleanly.",,,88.61877,,Tapes>Dispensers>Masking Tape Dispenser,,,,,"1"" Single Roll Masking Tape Dispenser",,,https://cdn.shopify.com/s/files/1/2618/8176/products/1-tape-logic-single-roll-table-top-dispenser_2000x.jpg,,"Dispense single or multiple rolls of tape on the same dispenser (for the 2"" or 3"" styles).",Guides keep tape separated for an easy fit.,Serrated blade cuts tape cleanly.,"Holds 3"" diameter cores.",,,,,,,,,,,,,,,,,,,,,,,,,,,,,
,pack-0017,,,"2"" Table Top Masking Tape Dispenser (can hold multiple rls)",,"2"" Table Top Masking Tape Dispenser (can hold multiple rls)","Dispense single or multiple rolls of tape on the same dispenser (for the 2"" or 3"" styles). Guides keep tape separated for an easy fit.Serrated blade cuts tape cleanly.",,,104.19852,,Tapes>Dispensers>Table Top Tape Dispenser,,,,,"2"" Table Top Masking Tape Dispenser (can hold multiple rls)",,,https://cdn.shopify.com/s/files/1/2618/8176/products/1-tape-logic-single-roll-table-top-dispenser_2000x.jpg,,"Dispense single or multiple rolls of tape on the same dispenser (for the 2"" or 3"" styles).",Guides keep tape separated for an easy fit.,Serrated blade cuts tape cleanly.,"Holds 3"" diameter cores.",,,,,,,,,,,,,,,,,,,,,,,,,,,,,
,pack-0018,,,"3"" Table Top Masking Tape Dispenser (can hold multiple rls)",,"3"" Table Top Masking Tape Dispenser (can hold multiple rls)","Dispense single or multiple rolls of tape on the same dispenser (for the 2"" or 3"" styles). Guides keep tape separated for an easy fit.Serrated blade cuts tape cleanly.",,,120.77881,,Tapes>Dispensers>Table Top Tape Dispenser,,,,,"3"" Table Top Masking Tape Dispenser (can hold multiple rls)",,,https://cdn.shopify.com/s/files/1/2618/8176/products/2-tape-logic-multi-roll-table-top-dispenser_2000x.jpg,,"Dispense single or multiple rolls of tape on the same dispenser (for the 2"" or 3"" styles).",Guides keep tape separated for an easy fit.,Serrated blade cuts tape cleanly.,"Holds 3"" diameter cores.",,,,,,,,,,,,,,,,,,,,,,,,,,,,,
,pack-0019,,,"0.5"" Mini Tape Dispenser",,"0.5"" Mini Tape Dispenser","Boost your productivity with the Desktop Tape Dispenser. Its sleek wave design looks great and complements most office decor. Our dispenser is weighted for easy, one-handed dispensing to save time and effort.",,2,433.07 incl,,Tapes>Dispensers>Tape Dispenser,,,,,"0.5"" Mini Tape Dispenser",,,https://www.upack.in/media/catalog/product/cache/1a5cb7b56cc703e17bb7df121f1b26e5/i/m/img_24741.jpg,,"Permanent, easy load tape core","Weighted for easy, one-handed dispensing.",Ideal for desk and light applications,,,,,,,,,,,,,,,,,,,,,,,,,,,,,,
,pack-0020,,,"1"" Tape Dispenser",,"1"" Tape Dispenser","Boost your productivity with the Desktop Tape Dispenser. Its sleek wave design looks great and complements most office decor. Our dispenser is weighted for easy, one-handed dispensing to save time and effort.",,2,437.63,,Tapes>Dispensers>Tape Dispenser,,,,,"1"" Tape Dispenser",,,https://www.upack.in/media/catalog/product/cache/1a5cb7b56cc703e17bb7df121f1b26e5/i/m/img_24781.jpg,,"Permanent, easy load tape core","Weighted for easy, one-handed dispensing.",Ideal for desk and light applications,,,,,,,,,,,,,,,,,,,,,,,,,,,,,,
,pack-0021,,,"2"" Tape Dispenser",,"2"" Tape Dispenser","Boost your productivity with the Desktop Tape Dispenser. Its sleek wave design looks great and complements most office decor. Our dispenser is weighted for easy, one-handed dispensing to save time and effort.",,2,547.5,,Tapes>Dispensers>Tape Dispenser,,,,,"2"" Tape Dispenser",,,https://www.upack.in/media/catalog/product/cache/1a5cb7b56cc703e17bb7df121f1b26e5/u/p/uptd_1__1_1.jpg,,"Permanent, easy load tape core","Weighted for easy, one-handed dispensing.",Ideal for desk and light applications,,,,,,,,,,,,,,,,,,,,,,,,,,,,,,
,pack-0022,,,"3"" Tape Dispenser",,"3"" Tape Dispenser","Boost your productivity with the Desktop Tape Dispenser. Its sleek wave design looks great and complements most office decor. Our dispenser is weighted for easy, one-handed dispensing to save time and effort.",,2,749.21,,Tapes>Dispensers>Tape Dispenser,,,,,"3"" Tape Dispenser",,,https://www.upack.in/media/catalog/product/cache/1a5cb7b56cc703e17bb7df121f1b26e5/i/m/img_24791.jpg,,"Permanent, easy load tape core","Weighted for easy, one-handed dispensing.",Ideal for desk and light applications,,,,,,,,,,,,,,,,,,,,,,,,,,,,,,
,pack-0023,,,"2"" x 60 Yard Silver Duct Tape - 3/Case",,"2"" x 60 Yard Silver Duct Tape - 3/Case","Aggressive adhesive holds tightly and backing conforms to the rough surface. Strong waterproof backing for long term resistance to wear, abrasion, moisture, and weathering.Aggressive adhesion to most surfaces. Tack-free edges. Writable surface. Meets UL723, had, and Boca codes.",,,93.62144,,Tapes>Duct Tape>Silver Duct Tape,,,,,"2"" x 60 Yard Silver Duct Tape - 3/Case",,,https://cdn.shopify.com/s/files/1/2618/8176/products/silver-duct-tape_566c0188-0395-4cc4-bd99-894ea6b93436_2000x.jpg,,"General purpose tape for bundling, sealing and light repairs.",Moisture and tear resistant.,,,,,,,,,,,,,,,,,,,,,,,,,,,,,,,
,pack-0024,,,"2"" x 60 Yard Silver Duct Tape - 24 rolls/case 24/Case",,"2"" x 60 Yard Silver Duct Tape - 24 rolls/case 24/Case","Aggressive adhesive holds tightly and backing conforms to the rough surface. Strong waterproof backing for long term resistance to wear, abrasion, moisture, and weathering.Aggressive adhesion to most surfaces. Tack-free edges. Writable surface. Meets UL723, had, and Boca codes.",,,220.54639,,Tapes>Duct Tape>Silver Duct Tape,,,,,"2"" x 60 Yard Silver Duct Tape - 24 rolls/case 24/Case",,,https://cdn.shopify.com/s/files/1/2618/8176/products/silver-duct-tape_d76765f4-fea1-4be3-b0ff-f9b24ad0386e_2000x.jpg,,"General purpose tape for bundling, sealing and light repairs.",Moisture and tear resistant.,,,,,,,,,,,,,,,,,,,,,,,,,,,,,,,
,pack-0025,,,"3"" x 60 Yard Silver Duct Tape - 16 rolls/case 16/Case",,"3"" x 60 Yard Silver Duct Tape - 16 rolls/case 16/Case","Aggressive adhesive holds tightly and backing conforms to the rough surface. Strong waterproof backing for long term resistance to wear, abrasion, moisture, and weathering.Aggressive adhesion to most surfaces. Tack-free edges. Writable surface. Meets UL723, had, and Boca codes.",,,516.56167,,Tapes>Duct Tape>Silver Duct Tape,,,,,"3"" x 60 Yard Silver Duct Tape - 16 rolls/case 16/Case",,,https://cdn.shopify.com/s/files/1/2618/8176/products/silver-duct-tape_14f7f749-35f6-49dd-b3c1-f85c7884403d_2000x.jpg,,"General purpose tape for bundling, sealing and light repairs.",Moisture and tear resistant.,,,,,,,,,,,,,,,,,,,,,,,,,,,,,,,
,pack-0026,,,"3"" x 60 Yard Silver Duct Tape - 3/Case",,"3"" x 60 Yard Silver Duct Tape - 3/Case","Aggressive adhesive holds tightly and backing conforms to the rough surface. Strong waterproof backing for long term resistance to wear, abrasion, moisture, and weathering.Aggressive adhesion to most surfaces. Tack-free edges. Writable surface. Meets UL723, had, and Boca codes.",,,132.64229,,Tapes>Duct Tape>Silver Duct Tape,,,,,"3"" x 60 Yard Silver Duct Tape - 3/Case",,,https://cdn.shopify.com/s/files/1/2618/8176/products/silver-duct-tape_14f7f749-35f6-49dd-b3c1-f85c7884403d_2000x.jpg,,"General purpose tape for bundling, sealing and light repairs.",Moisture and tear resistant.,,,,,,,,,,,,,,,,,,,,,,,,,,,,,,,
,pack-0027,,,"2"" x 35 Yard Gorilla Duct Tape",,"2"" x 35 Yard Gorilla Duct Tape","An incredibly strong adhesive for the toughest jobs. Double thick adhesive fills in gaps on rough, uneven surfaces for extra grip. Tough, reinforced backing contributes to the tape's durability and strength, but it can still be ripped by hand. Rugged, weather resistant shell helps create a barrier that can withstand harsh elements.",,,50.74139,,Tapes>Duct Tape>Gorilla Duct Tape,,,,,"2"" x 35 Yard Gorilla Duct Tape",,,https://cdn.shopify.com/s/files/1/2618/8176/products/2-x-35-yards-gorilla-duct-tape_2000x.jpg,,"Double thick adhesive fills in gaps on rough, uneven surfaces for extra grip.","Rugged, weather-resistant shell helps create a barrier that can withstand harsh elements.","Tough, reinforced backing contributes to the tape's durability and strength, but it can still be ripped by hand.",17 Mil.,,,,,,,,,,,,,,,,,,,,,,,,,,,,,
,pack-0028,,,"2"" x 30 Yard White Gorilla Duct Tape",,"2"" x 30 Yard White Gorilla Duct Tape","An incredibly strong adhesive for the toughest jobs. Double thick adhesive fills in gaps on rough, uneven surfaces for extra grip. Tough, reinforced backing contributes to the tape's durability and strength, but it can still be ripped by hand. Rugged, weather resistant shell helps create a barrier that can withstand harsh elements.",,,50.16966,,Tapes>Duct Tape>Gorilla Duct Tape,,,,,"2"" x 30 Yard White Gorilla Duct Tape",,,https://cdn.shopify.com/s/files/1/2618/8176/products/2-x-30-yards-white-gorilla-duct-tape_2000x.jpg,,"Double thick adhesive fills in gaps on rough, uneven surfaces for extra grip.","Rugged, weather-resistant shell helps create a barrier that can withstand harsh elements.","Tough, reinforced backing contributes to the tape's durability and strength, but it can still be ripped by hand.",17 Mil.,,,,,,,,,,,,,,,,,,,,,,,,,,,,,
,pack-0029,,,"3"" x 30 Yard Black Gorilla Duct Tape",,"3"" x 30 Yard Black Gorilla Duct Tape","An incredibly strong adhesive for the toughest jobs. Double thick adhesive fills in gaps on rough, uneven surfaces for extra grip. Tough, reinforced backing contributes to the tape's durability and strength, but it can still be ripped by hand. Rugged, weather resistant shell helps create a barrier that can withstand harsh elements.",,,72.03848,,Tapes>Duct Tape>Gorilla Duct Tape,,,,,"3"" x 30 Yard Black Gorilla Duct Tape",,,https://cdn.shopify.com/s/files/1/2618/8176/products/3-x-30-yards-black-gorilla-duct-tape_2000x.jpg,,"Double thick adhesive fills in gaps on rough, uneven surfaces for extra grip.","Rugged, weather-resistant shell helps create a barrier that can withstand harsh elements.","Tough, reinforced backing contributes to the tape's durability and strength, but it can still be ripped by hand.",17 Mil.,,,,,,,,,,,,,,,,,,,,,,,,,,,,,
,pack-0030,,,"1/2"" x 36 Yard Adhesive Transfer Tape 2/Case",,"1/2"" x 36 Yard Adhesive Transfer Tape 2/Case","Finger touch application of premium pressure sensitive adhesive. Soft acrylic pressure-sensitive adhesive system features very high initial adhesion and good shear holding power to a wide variety of materials including most plastics. High strength, high tack 5-mil adhesive adheres to many difficult-to-bond materials. Readily bond, join, mount or laminate materials such as paper, plastics, metal, foam and more. Reverse-wound on a 1"" core. Ideal tape application temperature range is 70°F - 100°F. Densified Kraft paper liner with a high strength acrylic adhesive.",,2,46.88219,,Tapes>Adhesive Transfer>Adhesive Transfer Tape,,,,,"1/2"" x 36 Yard Adhesive Transfer Tape 2/Case",,,https://cdn.shopify.com/s/files/1/2618/8176/products/adhesive_transfer_tape_2000x.jpg,,Finger touch application of general purpose pressure sensitive adhesive.,Works best on smooth surfaces.,Applies a precise strip of adhesive.,Liner rewinds into the dispenser.,"1"" core size.",,,,,,,,,,,,,,,,,,,,,,,,,,,,
,pack-0031,,,"1/2"" x 36 Yard Adhesive Transfer Tape - Bulk Case 72/Case",,"1/2"" x 36 Yard Adhesive Transfer Tape - Bulk Case 72/Case","Finger touch application of premium pressure sensitive adhesive. Soft acrylic pressure-sensitive adhesive system features very high initial adhesion and good shear holding power to a wide variety of materials including most plastics. High strength, high tack 5-mil adhesive adheres to many difficult-to-bond materials. Readily bond, join, mount or laminate materials such as paper, plastics, metal, foam and more. Reverse-wound on a 1"" core. Ideal tape application temperature range is 70°F - 100°F. Densified Kraft paper liner with a high strength acrylic adhesive.",,72,628.4786,,Tapes>Adhesive Transfer>Adhesive Transfer Tape,,,,,"1/2"" x 36 Yard Adhesive Transfer Tape - Bulk Case 72/Case",,,https://cdn.shopify.com/s/files/1/2618/8176/products/adhesive_transfer_tape_2000x.jpg,,Finger touch application of general purpose pressure sensitive adhesive.,Works best on smooth surfaces.,Applies a precise strip of adhesive.,Liner rewinds into the dispenser.,,,,,,,,,,,,,,,,,,,,,,,,,,,,,
,pack-0032,,,"3/4"" x 36 Yard Adhesive Transfer Tape 2/Case",,"3/4"" x 36 Yard Adhesive Transfer Tape 2/Case","Finger touch application of premium pressure sensitive adhesive. Soft acrylic pressure-sensitive adhesive system features very high initial adhesion and good shear holding power to a wide variety of materials including most plastics. High strength, high tack 5-mil adhesive adheres to many difficult-to-bond materials. Readily bond, join, mount or laminate materials such as paper, plastics, metal, foam and more. Reverse-wound on a 1"" core. Ideal tape application temperature range is 70°F - 100°F. Densified Kraft paper liner with a high strength acrylic adhesive.",,2,57.6022,,Tapes>Adhesive Transfer>Adhesive Transfer Tape,,,,,"3/4"" x 36 Yard Adhesive Transfer Tape 2/Case",,,https://cdn.shopify.com/s/files/1/2618/8176/products/adhesive_transfer_tape_2000x.jpg,,Finger touch application of general purpose pressure sensitive adhesive.,Works best on smooth surfaces.,Applies a precise strip of adhesive.,Liner rewinds into the dispenser.,,,,,,,,,,,,,,,,,,,,,,,,,,,,,
,pack-0033,,,"3/4"" x 36 Yard Adhesive Transfer Tape - Bulk Case 48/Case",,"3/4"" x 36 Yard Adhesive Transfer Tape - Bulk Case 48/Case","Finger touch application of premium pressure sensitive adhesive. Soft acrylic pressure-sensitive adhesive system features very high initial adhesion and good shear holding power to a wide variety of materials including most plastics. High strength, high tack 5-mil adhesive adheres to many difficult-to-bond materials. Readily bond, join, mount or laminate materials such as paper, plastics, metal, foam and more. Reverse-wound on a 1"" core. Ideal tape application temperature range is 70°F - 100°F. Densified Kraft paper liner with a high strength acrylic adhesive.",,48,595.60389,,Tapes>Adhesive Transfer>Adhesive Transfer Tape,,,,,"3/4"" x 36 Yard Adhesive Transfer Tape - Bulk Case 48/Case",,,https://cdn.shopify.com/s/files/1/2618/8176/products/adhesive_transfer_tape_2000x.jpg,,Finger touch application of general purpose pressure sensitive adhesive.,Works best on smooth surfaces.,Applies a precise strip of adhesive.,Liner rewinds into the dispenser.,,,,,,,,,,,,,,,,,,,,,,,,,,,,,
,pack-0034,,,"3M 764 Clear Vinyl Tape, 1"" X 36 Yds., 5 Mil Thick",,"3M 764 Clear Vinyl Tape, 1"" X 36 Yds., 5 Mil Thick","Vinyl Tape is great for patching and color coding. This general-purpose tape will maintain its vivid color even after being exposed to solvents. Tape is durable and easy to apply. Vinyl backing has a long service life and is resistant to scuffing, abrasion, moisture, alkaline chemicals, and weathering acids. Tape features a rubber adhesive that will adhere to most surfaces. Tape can be applied quickly and cleanly. 1"" x 36 yds., 5 Mil thick.",,36,654.48,,Tapes>Safety Tape>Vinyl Tape,,,,,"3M 764 Clear Vinyl Tape, 1"" X 36 Yds., 5 Mil Thick",,,https://www.thepackagingcompany.com/media/catalog/product/cache/2/image/626x/040ec09b1e35df139433887a97daa66f/i/m/image_69536.jpg,,Tape is durable and easy to apply.,Tape features a rubber adhesive that will adhere to most surfaces.,,,,,,,,,,,,,,,,,,,,,,,,,,,,,,,
,pack-0035,,,"Purple Vinyl Tape, 1"" X 36 Yds., 6 Mil Thick",,"Purple Vinyl Tape, 1"" X 36 Yds., 6 Mil Thick","Tape is great for boundaries/housekeeping marking. This heavy-duty tape is resistant to grease, moisture, scuffs, and oils. 1"" x 36 yds., 6 Mil thick.",,48,1019.51607,,Tapes>Safety Tape>Vinyl Tape,,,,,"Purple Vinyl Tape, 1"" X 36 Yds., 6 Mil Thick",,,https://www.thepackagingcompany.com/media/catalog/product/cache/2/image/626x/040ec09b1e35df139433887a97daa66f/i/m/image_70256.jpg,,Tape is durable and easy to apply.,Tape features a rubber adhesive that will adhere to most surfaces.,,,,,,,,,,,,,,,,,,,,,,,,,,,,,,,
