Type,Sku,parent_sku,Name/Product Title,Manufacture Name,Short Description,Description,Part Number,In stock,Regular Price,Special Price,color,size,Focus Keyword,Meta _Description,Categories,Images,Features_1,Features_2,Features_3,Features_4,Features_5,Features_6,Features_7,Features_8,Features_9,Features_10,specification_1,specification_2,specification_3,specification_4,specification_5,specification_6,specification_7,specification_8,specification_9,specification_10,specification_11,specification_12,specification_13,specification_14,specification_15,specification_16,specification_17,specification_18,specification_19,specification_20,wpbm_choose_badge
variation,ps00027,,General Purpose Masking Tape,,General Purpose Masking Tape,"General Purpose Masking Tape is a pressure-sensitive tape designed with a natural rubber adhesive and a crepe paper backing. This design allows for instant stick and reliable holding, making our General Purpose Masking Tape an excellent solution for most general purpose and entry level paint applications.",,1,,,,,General Purpose Masking Tape,General Purpose Masking Tape,Tape>Masking Tape>Painters Tape,"https://images.salsify.com/image/upload/s--1seRU6sd--/h_1170,w_1170,q_60,cs_srgb/jfks6yaletyfcobwqpgn.jpg||https://images.salsify.com/image/upload/s--9zT3q_j9--/h_1170,w_1170,q_60,cs_srgb/g9ebx7e2uynpbhsnx92i.jpg||https://images.salsify.com/image/upload/s--_4NM8_de--/h_1170,w_1170,q_60,cs_srgb/roy4jbkji3djmhonkcgf.jpg||https://images.salsify.com/image/upload/s--aV9J2AnJ--/h_1170,w_1170,q_60,cs_srgb/ld57b7xbvq1fqm7nkddl.jpg",General purpose crepe tape provides solid coverage,"Ideal for general woodworking, MRO/Construction, paint masking and more",Natural rubber adhesive sticks aggressively and holds confidently,Crepe paper backing conforms to irregular surfaces and around corners,,,,,,,,,,,,,,,,,,,,,,,,,,,
,ps00027-1,ps00027,,,,,,,34,,,48mmX20yards,,,,,,,,,,,,,,,,,,,,,,,,,,,,,,,,,,,
,ps00027-2,ps00027,,,,,,,27,,,24mmX20yards,,,,,,,,,,,,,,,,,,,,,,,,,,,,,,,,,,,
,ps00027-3,ps00027,,,,,,,27,,,36mmX20yards,,,,,,,,,,,,,,,,,,,,,,,,,,,,,,,,,,,
,ps00027-4,ps00027,,,,,,,27,,,72mmX20yards,,,,,,,,,,,,,,,,,,,,,,,,,,,,,,,,,,,
,ps00027-5,ps00027,,,,,,,48,,,48mmX30yards,,,,,,,,,,,,,,,,,,,,,,,,,,,,,,,,,,,
,ps00027-6,ps00027,,,,,,,38,,,24mmX30yards,,,,,,,,,,,,,,,,,,,,,,,,,,,,,,,,,,,
,ps00027-7,ps00027,,,,,,,38,,,36mmX30yards,,,,,,,,,,,,,,,,,,,,,,,,,,,,,,,,,,,
,ps00027-8,ps00027,,,,,,,38,,,72mmX30yards,,,,,,,,,,,,,,,,,,,,,,,,,,,,,,,,,,,
,ps00027-9,ps00027,,,,,,,75,,,48mmX50yards,,,,,,,,,,,,,,,,,,,,,,,,,,,,,,,,,,,
,ps00027-10,ps00027,,,,,,,60,,,24mmX50yards,,,,,,,,,,,,,,,,,,,,,,,,,,,,,,,,,,,
,ps00027-11,ps00027,,,,,,,60,,,36mmX50yards,,,,,,,,,,,,,,,,,,,,,,,,,,,,,,,,,,,
,ps00027-12,ps00027,,,,,,,60,,,72mmX50yards,,,,,,,,,,,,,,,,,,,,,,,,,,,,,,,,,,,
variation,ps00028,,General Purpose Masking Tape,,General Purpose Masking Tape,"General Purpose Masking Tape is a pressure-sensitive tape designed with a natural rubber adhesive and a crepe paper backing. This design allows for instant stick and reliable holding, making our General Purpose Masking Tape an excellent solution for most general purpose and entry level paint applications.",,1,,,,,General Purpose Masking Tape,General Purpose Masking Tape,Tape>Masking Tape>Painters Tape,"https://images.salsify.com/image/upload/s--1seRU6sd--/h_1170,w_1170,q_60,cs_srgb/jfks6yaletyfcobwqpgn.jpg||https://images.salsify.com/image/upload/s--9zT3q_j9--/h_1170,w_1170,q_60,cs_srgb/g9ebx7e2uynpbhsnx92i.jpg||https://images.salsify.com/image/upload/s--_4NM8_de--/h_1170,w_1170,q_60,cs_srgb/roy4jbkji3djmhonkcgf.jpg||https://images.salsify.com/image/upload/s--aV9J2AnJ--/h_1170,w_1170,q_60,cs_srgb/ld57b7xbvq1fqm7nkddl.jpg",,,,,,,,,,,,,,,,,,,,,,,,,,,,,,,
,ps00028-1,ps00028,,,,,,,11,,,48mmX20yards,,,,,,,,,,,,,,,,,,,,,,,,,,,,,,,,,,,
,ps00028-2,ps00028,,,,,,,9,,,24mmX20yards,,,,,,,,,,,,,,,,,,,,,,,,,,,,,,,,,,,
,ps00028-3,ps00028,,,,,,,9,,,36mmX20yards,,,,,,,,,,,,,,,,,,,,,,,,,,,,,,,,,,,
,ps00028-4,ps00028,,,,,,,9,,,72mmX20yards,,,,,,,,,,,,,,,,,,,,,,,,,,,,,,,,,,,
,ps00028-5,ps00028,,,,,,,15,,,48mmX30yards,,,,,,,,,,,,,,,,,,,,,,,,,,,,,,,,,,,
,ps00028-6,ps00028,,,,,,,11,,,24mmX30yards,,,,,,,,,,,,,,,,,,,,,,,,,,,,,,,,,,,
,ps00028-7,ps00028,,,,,,,11,,,36mmX30yards,,,,,,,,,,,,,,,,,,,,,,,,,,,,,,,,,,,
,ps00028-8,ps00028,,,,,,,11,,,72mmX30yards,,,,,,,,,,,,,,,,,,,,,,,,,,,,,,,,,,,
,ps00028-9,ps00028,,,,,,,21,,,48mmX50yards,,,,,,,,,,,,,,,,,,,,,,,,,,,,,,,,,,,
,ps00028-10,ps00028,,,,,,,17,,,24mmX50yards,,,,,,,,,,,,,,,,,,,,,,,,,,,,,,,,,,,
,ps00028-11,ps00028,,,,,,,17,,,36mmX50yards,,,,,,,,,,,,,,,,,,,,,,,,,,,,,,,,,,,
,ps00028-12,ps00028,,,,,,,17,,,72mmX50yards,,,,,,,,,,,,,,,,,,,,,,,,,,,,,,,,,,,
variation,ps00029,,Automotive/High Temperature Masking Tape,,Automotive/High Temperature Masking Tape,"High Temperature Automotive Masking Tape is a deep colored saturated crepe paper premium masking tape coated with a cross-linked natural rubber resin adhesive. It offers excellent high tack as well as brilliant water and solvent resistant features. It is industrial strength and sticks instantly to most surfaces including metal, rubber, glass, and plastic. The flexibility of tape allows to shape on contours. Delivers high-quality sharp paint lines. Designed for both indoor and outdoor use and offers up to 10 to 15 days of clean removal (UV resistant). Engineered for the racing and marine fabrication industry and is designed to be residue-free even under extreme conditions. Its waterproof backing fits baking cycles up to 230F for 60 minutes.",,1,,,,,Automotive/High Temperature Masking Tape,Automotive/High Temperature Masking Tape,Tape>Masking Tape>Colored Masking Tape,https://m.media-amazon.com/images/I/71yej9zTgUL._AC_SL1500_.jpg||https://m.media-amazon.com/images/I/61d8unwKCPL._AC_SL1380_.jpg||https://m.media-amazon.com/images/I/71yej9zTgUL._AC_SL1500_.jpg,,,,,,,,,,,,,,,,,,,,,,,,,,,,,,,
,ps00029-1,ps00029,,,,,,,43,,,48mmX20yards,,,,,,,,,,,,,,,,,,,,,,,,,,,,,,,,,,,
,ps00029-2,ps00029,,,,,,,34,,,24mmX20yards,,,,,,,,,,,,,,,,,,,,,,,,,,,,,,,,,,,
,ps00029-3,ps00029,,,,,,,34,,,36mmX20yards,,,,,,,,,,,,,,,,,,,,,,,,,,,,,,,,,,,
,ps00029-4,ps00029,,,,,,,34,,,72mmX20yards,,,,,,,,,,,,,,,,,,,,,,,,,,,,,,,,,,,
,ps00029-5,ps00029,,,,,,,60,,,48mmX30yards,,,,,,,,,,,,,,,,,,,,,,,,,,,,,,,,,,,
,ps00029-6,ps00029,,,,,,,46,,,24mmX30yards,,,,,,,,,,,,,,,,,,,,,,,,,,,,,,,,,,,
,ps00029-7,ps00029,,,,,,,46,,,36mmX30yards,,,,,,,,,,,,,,,,,,,,,,,,,,,,,,,,,,,
,ps00029-8,ps00029,,,,,,,46,,,72mmX30yards,,,,,,,,,,,,,,,,,,,,,,,,,,,,,,,,,,,
,ps00029-9,ps00029,,,,,,,90,,,48mmX50yards,,,,,,,,,,,,,,,,,,,,,,,,,,,,,,,,,,,
,ps00029-10,ps00029,,,,,,,72,,,24mmX50yards,,,,,,,,,,,,,,,,,,,,,,,,,,,,,,,,,,,
,ps00029-11,ps00029,,,,,,,72,,,36mmX50yards,,,,,,,,,,,,,,,,,,,,,,,,,,,,,,,,,,,
,ps00029-12,ps00029,,,,,,,72,,,72mmX50yards,,,,,,,,,,,,,,,,,,,,,,,,,,,,,,,,,,,
variation,ps00030,,Automotive/High Temperature Masking Tape,,Automotive/High Temperature Masking Tape,"High Temperature Automotive Masking Tape is a deep colored saturated crepe paper premium masking tape coated with a cross-linked natural rubber resin adhesive. It offers excellent high tack as well as brilliant water and solvent resistant features. It is industrial strength and sticks instantly to most surfaces including metal, rubber, glass, and plastic. The flexibility of tape allows to shape on contours. Delivers high-quality sharp paint lines. Designed for both indoor and outdoor use and offers up to 10 to 15 days of clean removal (UV resistant). Engineered for the racing and marine fabrication industry and is designed to be residue-free even under extreme conditions. Its waterproof backing fits baking cycles up to 230F for 60 minutes.",,1,,,,,Automotive/High Temperature Masking Tape,Automotive/High Temperature Masking Tape,Tape>Masking Tape>Colored Masking Tape,https://m.media-amazon.com/images/I/71yej9zTgUL._AC_SL1500_.jpg||https://m.media-amazon.com/images/I/61d8unwKCPL._AC_SL1380_.jpg||https://m.media-amazon.com/images/I/71yej9zTgUL._AC_SL1500_.jpg,,,,,,,,,,,,,,,,,,,,,,,,,,,,,,,
,ps00030-1,ps00030,,,,,,,12.5,,,48mmX20yards,,,,,,,,,,,,,,,,,,,,,,,,,,,,,,,,,,,
,ps00030-2,ps00030,,,,,,,10,,,24mmX20yards,,,,,,,,,,,,,,,,,,,,,,,,,,,,,,,,,,,
,ps00030-3,ps00030,,,,,,,10,,,36mmX20yards,,,,,,,,,,,,,,,,,,,,,,,,,,,,,,,,,,,
,ps00030-4,ps00030,,,,,,,10,,,72mmX20yards,,,,,,,,,,,,,,,,,,,,,,,,,,,,,,,,,,,
,ps00030-5,ps00030,,,,,,,17,,,48mmX30yards,,,,,,,,,,,,,,,,,,,,,,,,,,,,,,,,,,,
,ps00030-6,ps00030,,,,,,,13,,,24mmX30yards,,,,,,,,,,,,,,,,,,,,,,,,,,,,,,,,,,,
,ps00030-7,ps00030,,,,,,,13,,,36mmX30yards,,,,,,,,,,,,,,,,,,,,,,,,,,,,,,,,,,,
,ps00030-8,ps00030,,,,,,,13,,,72mmX30yards,,,,,,,,,,,,,,,,,,,,,,,,,,,,,,,,,,,
,ps00030-9,ps00030,,,,,,,24,,,48mmX50yards,,,,,,,,,,,,,,,,,,,,,,,,,,,,,,,,,,,
,ps00030-10,ps00030,,,,,,,20,,,24mmX50yards,,,,,,,,,,,,,,,,,,,,,,,,,,,,,,,,,,,
,ps00030-11,ps00030,,,,,,,20,,,36mmX50yards,,,,,,,,,,,,,,,,,,,,,,,,,,,,,,,,,,,
,ps00030-12,ps00030,,,,,,,20,,,72mmX50yards,,,,,,,,,,,,,,,,,,,,,,,,,,,,,,,,,,,
variation,ps00031,,Duct Tape - Grey,,Duct Tape - Grey,"Duct tape, sometimes called duck tape, is cloth- or crim-backed pressure-sensitive tape, often coated with polyethylene. There are a variety of constructions using different backings and adhesives. Duct tape is heat-resistant foil (not cloth) duct tape useful for sealing heating and cooling ducts, produced because standard duct tape fails quickly when used on heating ducts.Duct tape is silvery grey in colour.",,1,,,,,Duct Tape - Grey,Duct Tape - Grey,Tape>Duct Tape>Colored Duct Tape,,,,,,,,,,,,,,,,,,,,,,,,,,,,,,,,
,ps00031-1,ps00031,,,,,,,55,,,48mmX20yards,,,,https://m.media-amazon.com/images/I/41grORdVFaL.jpg||https://m.media-amazon.com/images/I/41sJRKIrJYL.jpg||https://m.media-amazon.com/images/I/81zn9BpOyiL._SL1500_.jpg||https://m.media-amazon.com/images/I/41FttnBoJOL.jpg||https://m.media-amazon.com/images/I/71KafEJyB3L._SL1200_.jpg||https://m.media-amazon.com/images/I/71eZ-HlCOpL._SL1200_.jpg,,,,,,,,,,,,,,,,,,,,,,,,,,,,,,,
,ps00031-2,ps00031,,,,,,,80,,,48mmX30yards,,,,,,,,,,,,,,,,,,,,,,,,,,,,,,,,,,,
,ps00031-3,ps00031,,,,,,,130,,,48mmX50yards,,,,,,,,,,,,,,,,,,,,,,,,,,,,,,,,,,,
,ps00031-4,ps00031,,,,,,,55,,,72mmX20yards,,,,,,,,,,,,,,,,,,,,,,,,,,,,,,,,,,,
,ps00031-5,ps00031,,,,,,,80,,,72mmX30yards,,,,,,,,,,,,,,,,,,,,,,,,,,,,,,,,,,,
,ps00031-6,ps00031,,,,,,,130,,,72mmX50yards,,,,,,,,,,,,,,,,,,,,,,,,,,,,,,,,,,,
,ps00031-7,ps00031,,,,,,,10,,,48mmX20yards,,,,,,,,,,,,,,,,,,,,,,,,,,,,,,,,,,,
,ps00031-8,ps00031,,,,,,,15,,,48mmX30yards,,,,,,,,,,,,,,,,,,,,,,,,,,,,,,,,,,,
,ps00031-9,ps00031,,,,,,,24,,,48mmX50yards,,,,,,,,,,,,,,,,,,,,,,,,,,,,,,,,,,,
,ps00031-10,ps00031,,,,,,,16,,,72mmX20yards,,,,,,,,,,,,,,,,,,,,,,,,,,,,,,,,,,,
,ps00031-11,ps00031,,,,,,,23,,,72mmX30yards,,,,,,,,,,,,,,,,,,,,,,,,,,,,,,,,,,,
,ps00031-12,ps00031,,,,,,,35,,,72mmX50yards,,,,,,,,,,,,,,,,,,,,,,,,,,,,,,,,,,,
variation,ps00032,,Aluminum Tape - Silver,,Aluminum Tape - Silver,"High-quality, high tensile strength aluminum foil coated in epoxy resin with strong, cold-weather solvent acrylic adhesive set on a easy-release silicone paper liner to preserve the adhesive and provide ease of use. Sticks To Virtually Anything At High And Low Temperatures: Our aluminum foil tape provides a durable bond at low and high temperatures. Conformable backing and pressure sensitive adhesive means it is designed to adhere properly to a variety of smooth and irregular surfaces.",,1,,,,,Aluminum Tape - Silver,Aluminum Tape - Silver,Tape>Masking Tape>Colored Masking Tape,https://m.media-amazon.com/images/I/61bGgSt33nL._AC_SL1500_.jpg||https://m.media-amazon.com/images/I/717m5FZO6WL._AC_SL1500_.jpg||https://m.media-amazon.com/images/I/71OkGfONAxL._AC_SL1500_.jpg||https://m.media-amazon.com/images/I/71MHX3YeF4L._AC_SL1500_.jpg||https://m.media-amazon.com/images/I/71IY65bzyoL._AC_SL1500_.jpg,,,,,,,,,,,,,,,,,,,,,,,,,,,,,,,
,ps00032-1,ps00032,,,,,,,66,,,48mmX20yards,,,,,,,,,,,,,,,,,,,,,,,,,,,,,,,,,,,
,ps00032-2,ps00032,,,,,,,90,,,48mmX30yards,,,,,,,,,,,,,,,,,,,,,,,,,,,,,,,,,,,
,ps00032-3,ps00032,,,,,,,144,,,48mmX50yards,,,,,,,,,,,,,,,,,,,,,,,,,,,,,,,,,,,
,ps00032-4,ps00032,,,,,,,66,,,72mmX20yards,,,,,,,,,,,,,,,,,,,,,,,,,,,,,,,,,,,
,ps00032-5,ps00032,,,,,,,90,,,72mmX30yards,,,,,,,,,,,,,,,,,,,,,,,,,,,,,,,,,,,
,ps00032-6,ps00032,,,,,,,144,,,72mmX50yards,,,,,,,,,,,,,,,,,,,,,,,,,,,,,,,,,,,
,ps00032-7,ps00032,,,,,,,13,,,48mmX20yards,,,,,,,,,,,,,,,,,,,,,,,,,,,,,,,,,,,
,ps00032-8,ps00032,,,,,,,17,,,48mmX30yards,,,,,,,,,,,,,,,,,,,,,,,,,,,,,,,,,,,
,ps00032-9,ps00032,,,,,,,26,,,48mmX50yards,,,,,,,,,,,,,,,,,,,,,,,,,,,,,,,,,,,
,ps00032-10,ps00032,,,,,,,19,,,72mmX20yards,,,,,,,,,,,,,,,,,,,,,,,,,,,,,,,,,,,
,ps00032-11,ps00032,,,,,,,25,,,72mmX30yards,,,,,,,,,,,,,,,,,,,,,,,,,,,,,,,,,,,
,ps00032-12,ps00032,,,,,,,39,,,72mmX50yards,,,,,,,,,,,,,,,,,,,,,,,,,,,,,,,,,,,
variation,ps00033,,Heavy Duty Duct Tape/Binding Tape - Red,,Heavy Duty Duct Tape/Binding Tape - Red,"Duct Tape is the all-around tool for temporary repairs and quick fixes around the house, garden or garage.With its high adhesion and easy-to-tear application, this workbench favorite is great for holding, seaming, sealing and bundling.",,1,,,,,Heavy Duty Duct Tape/Binding Tape - Red,Heavy Duty Duct Tape/Binding Tape - Red,Tape>Duct Tape>Colored Duct Tape,https://m.media-amazon.com/images/I/91S-jU5mAqL._AC_SL1500_.jpg||https://m.media-amazon.com/images/I/715wu6u83bL._AC_SL1500_.jpg||https://m.media-amazon.com/images/I/6120CrVd86L._AC_SL1500_.jpg||https://m.media-amazon.com/images/I/71Ejx3VjT8L._AC_SL1200_.jpg||https://m.media-amazon.com/images/I/81WfpD30VJL._AC_SL1200_.jpg,,,,,,,,,,,,,,,,,,,,,,,,,,,,,,,
,ps00033-1,ps00033,,,,,,,140,,,48mmX20yards,,,,,,,,,,,,,,,,,,,,,,,,,,,,,,,,,,,
,ps00033-2,ps00033,,,,,,,210,,,48mmX30yards,,,,,,,,,,,,,,,,,,,,,,,,,,,,,,,,,,,
,ps00033-3,ps00033,,,,,,,350,,,48mmX50yards,,,,,,,,,,,,,,,,,,,,,,,,,,,,,,,,,,,
variation,ps00034,,Heavy Duty Duct Tape/Binding Tape - Yellow,,Heavy Duty Duct Tape/Binding Tape - Yellow,"Duct Tape is the all-around tool for temporary repairs and quick fixes around the house, garden or garage.With its high adhesion and easy-to-tear application, this workbench favorite is great for holding, seaming, sealing and bundling.",,1,,,,,Heavy Duty Duct Tape/Binding Tape - Yellow,Heavy Duty Duct Tape/Binding Tape - Yellow,Tape>Duct Tape>Colored Duct Tape,https://m.media-amazon.com/images/I/51ZUBrrugkL._AC_.jpg||https://m.media-amazon.com/images/I/81-nfH9XoXL._AC_SL1500_.jpg||https://m.media-amazon.com/images/I/71cAHvx9D8L._AC_SL1500_.jpg||https://m.media-amazon.com/images/I/81FhTLhnhjL._AC_SL1500_.jpg,,,,,,,,,,,,,,,,,,,,,,,,,,,,,,,
,ps00034-1,ps00034,,,,,,,140,,,48mmX20yards,,,,,,,,,,,,,,,,,,,,,,,,,,,,,,,,,,,
,ps00034-2,ps00034,,,,,,,210,,,48mmX30yards,,,,,,,,,,,,,,,,,,,,,,,,,,,,,,,,,,,
,ps00034-3,ps00034,,,,,,,350,,,48mmX50yards,,,,,,,,,,,,,,,,,,,,,,,,,,,,,,,,,,,
variation,ps00035,,Heavy Duty Duct Tape/Binding Tape - Green,,Heavy Duty Duct Tape/Binding Tape - Green,"Duct Tape is the all-around tool for temporary repairs and quick fixes around the house, garden or garage.With its high adhesion and easy-to-tear application, this workbench favorite is great for holding, seaming, sealing and bundling.",,1,,,,,Heavy Duty Duct Tape/Binding Tape - Green,Heavy Duty Duct Tape/Binding Tape - Green,Tape>Duct Tape>Colored Duct Tape,https://m.media-amazon.com/images/I/71uWjkDEc2L._AC_SL1500_.jpg||https://m.media-amazon.com/images/I/61as5X6acML._AC_SL1500_.jpg||https://m.media-amazon.com/images/I/61YBIEmRfqL._AC_SL1500_.jpg||https://m.media-amazon.com/images/I/716ghy1l6wL._AC_SL1500_.jpg||https://m.media-amazon.com/images/I/71QkIX4yuvL._AC_SL1500_.jpg,,,,,,,,,,,,,,,,,,,,,,,,,,,,,,,
,ps00035-1,ps00035,,,,,,,140,,,48mmX20yards,,,,,,,,,,,,,,,,,,,,,,,,,,,,,,,,,,,
,ps00035-2,ps00035,,,,,,,210,,,48mmX30yards,,,,,,,,,,,,,,,,,,,,,,,,,,,,,,,,,,,
,ps00035-3,ps00035,,,,,,,350,,,48mmX50yards,,,,,,,,,,,,,,,,,,,,,,,,,,,,,,,,,,,
variation,ps00036,,Heavy Duty Duct Tape/Binding Tape - Blue,,Heavy Duty Duct Tape/Binding Tape - Blue,"Duct Tape is the all-around tool for temporary repairs and quick fixes around the house, garden or garage.With its high adhesion and easy-to-tear application, this workbench favorite is great for holding, seaming, sealing and bundling.",,1,,,,,Heavy Duty Duct Tape/Binding Tape - Blue,Heavy Duty Duct Tape/Binding Tape - Blue,Tape>Duct Tape>Colored Duct Tape,https://m.media-amazon.com/images/I/81Q3TkSAAZL._AC_SL1500_.jpg||https://m.media-amazon.com/images/I/81GlcgPg2hL._AC_SL1500_.jpg||https://m.media-amazon.com/images/I/71PBo05mU4L._AC_SL1500_.jpg||https://m.media-amazon.com/images/I/81XPWx812eL._AC_SL1500_.jpg||https://m.media-amazon.com/images/I/61VLFDiX+oL._AC_SL1200_.jpg,,,,,,,,,,,,,,,,,,,,,,,,,,,,,,,
,ps00036-1,ps00036,,,,,,,140,,,48mmX20yards,,,,,,,,,,,,,,,,,,,,,,,,,,,,,,,,,,,
,ps00036-2,ps00036,,,,,,,210,,,48mmX30yards,,,,,,,,,,,,,,,,,,,,,,,,,,,,,,,,,,,
,ps00036-3,ps00036,,,,,,,350,,,48mmX50yards,,,,,,,,,,,,,,,,,,,,,,,,,,,,,,,,,,,
variation,ps00037,,Heavy Duty Duct Tape/Binding Tape - Black,,Heavy Duty Duct Tape/Binding Tape - Black,"Duct Tape is the all-around tool for temporary repairs and quick fixes around the house, garden or garage.With its high adhesion and easy-to-tear application, this workbench favorite is great for holding, seaming, sealing and bundling.",,1,,,,,Heavy Duty Duct Tape/Binding Tape - Black,Heavy Duty Duct Tape/Binding Tape - Black,Tape>Duct Tape>Colored Duct Tape,https://m.media-amazon.com/images/I/812rjs0H3eL._AC_SL1500_.jpg||https://m.media-amazon.com/images/I/81tXcEY0D0L._AC_SL1500_.jpg||https://m.media-amazon.com/images/I/615pLczhCeL._AC_SL1500_.jpg||https://m.media-amazon.com/images/I/71I7Zy5gNNL._AC_SL1200_.jpg||https://m.media-amazon.com/images/I/71ktoyxmNmL._AC_SL1200_.jpg||https://m.media-amazon.com/images/I/71IcCJAkTJL._AC_SL1200_.jpg,,,,,,,,,,,,,,,,,,,,,,,,,,,,,,,
,ps00037-1,ps00037,,,,,,,140,,,48mmX20yards,,,,,,,,,,,,,,,,,,,,,,,,,,,,,,,,,,,
,ps00037-2,ps00037,,,,,,,210,,,48mmX30yards,,,,,,,,,,,,,,,,,,,,,,,,,,,,,,,,,,,
,ps00037-3,ps00037,,,,,,,350,,,48mmX50yards,,,,,,,,,,,,,,,,,,,,,,,,,,,,,,,,,,,
variation,ps00038,,Heavy Duty Duct Tape/Binding Tape - Grey,,Heavy Duty Duct Tape/Binding Tape - Grey,"Duct Tape is the all-around tool for temporary repairs and quick fixes around the house, garden or garage.With its high adhesion and easy-to-tear application, this workbench favorite is great for holding, seaming, sealing and bundling.",,1,,,,,Heavy Duty Duct Tape/Binding Tape - Grey,Heavy Duty Duct Tape/Binding Tape - Grey,Tape>Duct Tape>Colored Duct Tape,https://m.media-amazon.com/images/I/71BzGEl2FDL._AC_SL1500_.jpg||https://m.media-amazon.com/images/I/61lW5O8EQIL._AC_SL1500_.jpg||https://m.media-amazon.com/images/I/61co8kpzZtL._AC_SL1500_.jpg||https://m.media-amazon.com/images/I/61VLFDiX+oL._AC_SL1200_.jpg,,,,,,,,,,,,,,,,,,,,,,,,,,,,,,,
,ps00038-1,ps00038,,,,,,,140,,,48mmX20yards,,,,,,,,,,,,,,,,,,,,,,,,,,,,,,,,,,,
,ps00038-2,ps00038,,,,,,,210,,,48mmX30yards,,,,,,,,,,,,,,,,,,,,,,,,,,,,,,,,,,,
,ps00038-3,ps00038,,,,,,,350,,,48mmX50yards,,,,,,,,,,,,,,,,,,,,,,,,,,,,,,,,,,,
variation,ps00039,,Heavy Duty Duct Tape/Binding Tape - Red,,Heavy Duty Duct Tape/Binding Tape - Red,"Duct Tape is the all-around tool for temporary repairs and quick fixes around the house, garden or garage.With its high adhesion and easy-to-tear application, this workbench favorite is great for holding, seaming, sealing and bundling.",,1,,,,,Heavy Duty Duct Tape/Binding Tape - Red,Heavy Duty Duct Tape/Binding Tape - Red,Tape>Duct Tape>Colored Duct Tape,https://m.media-amazon.com/images/I/91S-jU5mAqL._AC_SL1500_.jpg||https://m.media-amazon.com/images/I/715wu6u83bL._AC_SL1500_.jpg||https://m.media-amazon.com/images/I/6120CrVd86L._AC_SL1500_.jpg||https://m.media-amazon.com/images/I/71Ejx3VjT8L._AC_SL1200_.jpg||https://m.media-amazon.com/images/I/81WfpD30VJL._AC_SL1200_.jpg,,,,,,,,,,,,,,,,,,,,,,,,,,,,,,,
,ps00039-1,ps00039,,,,,,,30,,,48mmX20yards,,,,,,,,,,,,,,,,,,,,,,,,,,,,,,,,,,,
,ps00039-2,ps00039,,,,,,,40,,,48mmX30yards,,,,,,,,,,,,,,,,,,,,,,,,,,,,,,,,,,,
,ps00039-3,ps00039,,,,,,,65,,,48mmX50yards,,,,,,,,,,,,,,,,,,,,,,,,,,,,,,,,,,,
variation,ps00040,,Heavy Duty Duct Tape/Binding Tape - Yellow,,Heavy Duty Duct Tape/Binding Tape - Yellow,"Duct Tape is the all-around tool for temporary repairs and quick fixes around the house, garden or garage.With its high adhesion and easy-to-tear application, this workbench favorite is great for holding, seaming, sealing and bundling.",,1,,,,,Heavy Duty Duct Tape/Binding Tape - Yellow,Heavy Duty Duct Tape/Binding Tape - Yellow,Tape>Duct Tape>Colored Duct Tape,https://m.media-amazon.com/images/I/51ZUBrrugkL._AC_.jpg||https://m.media-amazon.com/images/I/81-nfH9XoXL._AC_SL1500_.jpg||https://m.media-amazon.com/images/I/71cAHvx9D8L._AC_SL1500_.jpg||https://m.media-amazon.com/images/I/81FhTLhnhjL._AC_SL1500_.jpg,,,,,,,,,,,,,,,,,,,,,,,,,,,,,,,
,ps00040-1,ps00040,,,,,,,30,,,48mmX20yards,,,,,,,,,,,,,,,,,,,,,,,,,,,,,,,,,,,
,ps00040-2,ps00040,,,,,,,40,,,48mmX30yards,,,,,,,,,,,,,,,,,,,,,,,,,,,,,,,,,,,
,ps00040-3,ps00040,,,,,,,65,,,48mmX50yards,,,,,,,,,,,,,,,,,,,,,,,,,,,,,,,,,,,
variation,ps00041,,Heavy Duty Duct Tape/Binding Tape - Green,,Heavy Duty Duct Tape/Binding Tape - Green,"Duct Tape is the all-around tool for temporary repairs and quick fixes around the house, garden or garage.With its high adhesion and easy-to-tear application, this workbench favorite is great for holding, seaming, sealing and bundling.",,1,,,,,Heavy Duty Duct Tape/Binding Tape - Green,Heavy Duty Duct Tape/Binding Tape - Green,Tape>Duct Tape>Colored Duct Tape,https://m.media-amazon.com/images/I/71uWjkDEc2L._AC_SL1500_.jpg||https://m.media-amazon.com/images/I/61as5X6acML._AC_SL1500_.jpg||https://m.media-amazon.com/images/I/61YBIEmRfqL._AC_SL1500_.jpg||https://m.media-amazon.com/images/I/716ghy1l6wL._AC_SL1500_.jpg||https://m.media-amazon.com/images/I/71QkIX4yuvL._AC_SL1500_.jpg,,,,,,,,,,,,,,,,,,,,,,,,,,,,,,,
,ps00041-1,ps00041,,,,,,,30,,,48mmX20yards,,,,,,,,,,,,,,,,,,,,,,,,,,,,,,,,,,,
,ps00041-2,ps00041,,,,,,,40,,,48mmX30yards,,,,,,,,,,,,,,,,,,,,,,,,,,,,,,,,,,,
,ps00041-3,ps00041,,,,,,,65,,,48mmX50yards,,,,,,,,,,,,,,,,,,,,,,,,,,,,,,,,,,,
variation,ps00042,,Heavy Duty Duct Tape/Binding Tape - Blue,,Heavy Duty Duct Tape/Binding Tape - Blue,"Duct Tape is the all-around tool for temporary repairs and quick fixes around the house, garden or garage.With its high adhesion and easy-to-tear application, this workbench favorite is great for holding, seaming, sealing and bundling.",,1,,,,,Heavy Duty Duct Tape/Binding Tape - Blue,Heavy Duty Duct Tape/Binding Tape - Blue,Tape>Duct Tape>Colored Duct Tape,https://m.media-amazon.com/images/I/81Q3TkSAAZL._AC_SL1500_.jpg||https://m.media-amazon.com/images/I/81GlcgPg2hL._AC_SL1500_.jpg||https://m.media-amazon.com/images/I/71PBo05mU4L._AC_SL1500_.jpg||https://m.media-amazon.com/images/I/81XPWx812eL._AC_SL1500_.jpg||https://m.media-amazon.com/images/I/61VLFDiX+oL._AC_SL1200_.jpg,,,,,,,,,,,,,,,,,,,,,,,,,,,,,,,
,ps00042-1,ps00042,,,,,,,30,,,48mmX20yards,,,,,,,,,,,,,,,,,,,,,,,,,,,,,,,,,,,
,ps00042-2,ps00042,,,,,,,40,,,48mmX30yards,,,,,,,,,,,,,,,,,,,,,,,,,,,,,,,,,,,
,ps00042-3,ps00042,,,,,,,65,,,48mmX50yards,,,,,,,,,,,,,,,,,,,,,,,,,,,,,,,,,,,
variation,ps00043,,Heavy Duty Duct Tape/Binding Tape - Black,,Heavy Duty Duct Tape/Binding Tape - Black,"Duct Tape is the all-around tool for temporary repairs and quick fixes around the house, garden or garage.With its high adhesion and easy-to-tear application, this workbench favorite is great for holding, seaming, sealing and bundling.",,1,,,,,Heavy Duty Duct Tape/Binding Tape - Black,Heavy Duty Duct Tape/Binding Tape - Black,Tape>Duct Tape>Colored Duct Tape,https://m.media-amazon.com/images/I/812rjs0H3eL._AC_SL1500_.jpg||https://m.media-amazon.com/images/I/81tXcEY0D0L._AC_SL1500_.jpg||https://m.media-amazon.com/images/I/615pLczhCeL._AC_SL1500_.jpg||https://m.media-amazon.com/images/I/71I7Zy5gNNL._AC_SL1200_.jpg||https://m.media-amazon.com/images/I/71ktoyxmNmL._AC_SL1200_.jpg||https://m.media-amazon.com/images/I/71IcCJAkTJL._AC_SL1200_.jpg,,,,,,,,,,,,,,,,,,,,,,,,,,,,,,,
,ps00043-1,ps00043,,,,,,,30,,,48mmX20yards,,,,,,,,,,,,,,,,,,,,,,,,,,,,,,,,,,,
,ps00043-2,ps00043,,,,,,,40,,,48mmX30yards,,,,,,,,,,,,,,,,,,,,,,,,,,,,,,,,,,,
,ps00043-3,ps00043,,,,,,,65,,,48mmX50yards,,,,,,,,,,,,,,,,,,,,,,,,,,,,,,,,,,,
variation,ps00044,,Heavy Duty Duct Tape/Binding Tape - Grey,,Heavy Duty Duct Tape/Binding Tape - Grey,"Duct Tape is the all-around tool for temporary repairs and quick fixes around the house, garden or garage.With its high adhesion and easy-to-tear application, this workbench favorite is great for holding, seaming, sealing and bundling.",,1,,,,,Heavy Duty Duct Tape/Binding Tape - Grey,Heavy Duty Duct Tape/Binding Tape - Grey,Tape>Duct Tape>Colored Duct Tape,https://m.media-amazon.com/images/I/71BzGEl2FDL._AC_SL1500_.jpg||https://m.media-amazon.com/images/I/61lW5O8EQIL._AC_SL1500_.jpg||https://m.media-amazon.com/images/I/61co8kpzZtL._AC_SL1500_.jpg||https://m.media-amazon.com/images/I/61VLFDiX+oL._AC_SL1200_.jpg,,,,,,,,,,,,,,,,,,,,,,,,,,,,,,,
,ps00044-1,ps00044,,,,,,,30,,,48mmX20yards,,,,,,,,,,,,,,,,,,,,,,,,,,,,,,,,,,,
,ps00044-2,ps00044,,,,,,,40,,,48mmX30yards,,,,,,,,,,,,,,,,,,,,,,,,,,,,,,,,,,,
,ps00044-3,ps00044,,,,,,,65,,,48mmX50yards,,,,,,,,,,,,,,,,,,,,,,,,,,,,,,,,,,,
variation,ps00045,,Heavy Duty Duct Tape/Binding Tape - Red,,Heavy Duty Duct Tape/Binding Tape - Red,"Duct Tape is the all-around tool for temporary repairs and quick fixes around the house, garden or garage.With its high adhesion and easy-to-tear application, this workbench favorite is great for holding, seaming, sealing and bundling.",,1,,,,,Heavy Duty Duct Tape/Binding Tape - Red,Heavy Duty Duct Tape/Binding Tape - Red,Tape>Duct Tape>Colored Duct Tape,https://m.media-amazon.com/images/I/91S-jU5mAqL._AC_SL1500_.jpg||https://m.media-amazon.com/images/I/715wu6u83bL._AC_SL1500_.jpg||https://m.media-amazon.com/images/I/6120CrVd86L._AC_SL1500_.jpg||https://m.media-amazon.com/images/I/71Ejx3VjT8L._AC_SL1200_.jpg||https://m.media-amazon.com/images/I/81WfpD30VJL._AC_SL1200_.jpg,,,,,,,,,,,,,,,,,,,,,,,,,,,,,,,
,ps00045-1,ps00045,,,,,,,140,,,72mmX20yards,,,,,,,,,,,,,,,,,,,,,,,,,,,,,,,,,,,
,ps00045-2,ps00045,,,,,,,210,,,72mmX30yards,,,,,,,,,,,,,,,,,,,,,,,,,,,,,,,,,,,
,ps00045-3,ps00045,,,,,,,350,,,72mmX50yards,,,,,,,,,,,,,,,,,,,,,,,,,,,,,,,,,,,
variation,ps00046,,Heavy Duty Duct Tape/Binding Tape - Yellow,,Heavy Duty Duct Tape/Binding Tape - Yellow,"Duct Tape is the all-around tool for temporary repairs and quick fixes around the house, garden or garage.With its high adhesion and easy-to-tear application, this workbench favorite is great for holding, seaming, sealing and bundling.",,1,,,,,Heavy Duty Duct Tape/Binding Tape - Yellow,Heavy Duty Duct Tape/Binding Tape - Yellow,Tape>Duct Tape>Colored Duct Tape,https://m.media-amazon.com/images/I/51ZUBrrugkL._AC_.jpg||https://m.media-amazon.com/images/I/81-nfH9XoXL._AC_SL1500_.jpg||https://m.media-amazon.com/images/I/71cAHvx9D8L._AC_SL1500_.jpg||https://m.media-amazon.com/images/I/81FhTLhnhjL._AC_SL1500_.jpg,,,,,,,,,,,,,,,,,,,,,,,,,,,,,,,
,ps00046-1,ps00046,,,,,,,140,,,72mmX20yards,,,,,,,,,,,,,,,,,,,,,,,,,,,,,,,,,,,
,ps00046-2,ps00046,,,,,,,210,,,72mmX30yards,,,,,,,,,,,,,,,,,,,,,,,,,,,,,,,,,,,
,ps00046-3,ps00046,,,,,,,350,,,72mmX50yards,,,,,,,,,,,,,,,,,,,,,,,,,,,,,,,,,,,
variation,ps00047,,Heavy Duty Duct Tape/Binding Tape - Green,,Heavy Duty Duct Tape/Binding Tape - Green,"Duct Tape is the all-around tool for temporary repairs and quick fixes around the house, garden or garage.With its high adhesion and easy-to-tear application, this workbench favorite is great for holding, seaming, sealing and bundling.",,1,,,,,Heavy Duty Duct Tape/Binding Tape - Green,Heavy Duty Duct Tape/Binding Tape - Green,Tape>Duct Tape>Colored Duct Tape,https://m.media-amazon.com/images/I/71uWjkDEc2L._AC_SL1500_.jpg||https://m.media-amazon.com/images/I/61as5X6acML._AC_SL1500_.jpg||https://m.media-amazon.com/images/I/61YBIEmRfqL._AC_SL1500_.jpg||https://m.media-amazon.com/images/I/716ghy1l6wL._AC_SL1500_.jpg||https://m.media-amazon.com/images/I/71QkIX4yuvL._AC_SL1500_.jpg,,,,,,,,,,,,,,,,,,,,,,,,,,,,,,,
,ps00047-1,ps00047,,,,,,,140,,,72mmX20yards,,,,,,,,,,,,,,,,,,,,,,,,,,,,,,,,,,,
,ps00047-2,ps00047,,,,,,,210,,,72mmX30yards,,,,,,,,,,,,,,,,,,,,,,,,,,,,,,,,,,,
,ps00047-3,ps00047,,,,,,,350,,,72mmX50yards,,,,,,,,,,,,,,,,,,,,,,,,,,,,,,,,,,,
variation,ps00048,,Heavy Duty Duct Tape/Binding Tape - Blue,,Heavy Duty Duct Tape/Binding Tape - Blue,"Duct Tape is the all-around tool for temporary repairs and quick fixes around the house, garden or garage.With its high adhesion and easy-to-tear application, this workbench favorite is great for holding, seaming, sealing and bundling.",,1,,,,,Heavy Duty Duct Tape/Binding Tape - Blue,Heavy Duty Duct Tape/Binding Tape - Blue,Tape>Duct Tape>Colored Duct Tape,https://m.media-amazon.com/images/I/81Q3TkSAAZL._AC_SL1500_.jpg||https://m.media-amazon.com/images/I/81GlcgPg2hL._AC_SL1500_.jpg||https://m.media-amazon.com/images/I/71PBo05mU4L._AC_SL1500_.jpg||https://m.media-amazon.com/images/I/81XPWx812eL._AC_SL1500_.jpg||https://m.media-amazon.com/images/I/61VLFDiX+oL._AC_SL1200_.jpg,,,,,,,,,,,,,,,,,,,,,,,,,,,,,,,
,ps00048-1,ps00048,,,,,,,140,,,72mmX20yards,,,,,,,,,,,,,,,,,,,,,,,,,,,,,,,,,,,
,ps00048-2,ps00048,,,,,,,210,,,72mmX30yards,,,,,,,,,,,,,,,,,,,,,,,,,,,,,,,,,,,
,ps00048-3,ps00048,,,,,,,350,,,72mmX50yards,,,,,,,,,,,,,,,,,,,,,,,,,,,,,,,,,,,
variation,ps00049,,Heavy Duty Duct Tape/Binding Tape - Black,,Heavy Duty Duct Tape/Binding Tape - Black,"Duct Tape is the all-around tool for temporary repairs and quick fixes around the house, garden or garage.With its high adhesion and easy-to-tear application, this workbench favorite is great for holding, seaming, sealing and bundling.",,1,,,,,Heavy Duty Duct Tape/Binding Tape - Black,Heavy Duty Duct Tape/Binding Tape - Black,Tape>Duct Tape>Colored Duct Tape,https://m.media-amazon.com/images/I/812rjs0H3eL._AC_SL1500_.jpg||https://m.media-amazon.com/images/I/81tXcEY0D0L._AC_SL1500_.jpg||https://m.media-amazon.com/images/I/615pLczhCeL._AC_SL1500_.jpg||https://m.media-amazon.com/images/I/71I7Zy5gNNL._AC_SL1200_.jpg||https://m.media-amazon.com/images/I/71ktoyxmNmL._AC_SL1200_.jpg||https://m.media-amazon.com/images/I/71IcCJAkTJL._AC_SL1200_.jpg,,,,,,,,,,,,,,,,,,,,,,,,,,,,,,,
,ps00049-1,ps00049,,,,,,,140,,,72mmX20yards,,,,,,,,,,,,,,,,,,,,,,,,,,,,,,,,,,,
,ps00049-2,ps00049,,,,,,,210,,,72mmX30yards,,,,,,,,,,,,,,,,,,,,,,,,,,,,,,,,,,,
,ps00049-3,ps00049,,,,,,,350,,,72mmX50yards,,,,,,,,,,,,,,,,,,,,,,,,,,,,,,,,,,,
variation,ps00050,,Heavy Duty Duct Tape/Binding Tape - Grey,,Heavy Duty Duct Tape/Binding Tape - Grey,"Duct Tape is the all-around tool for temporary repairs and quick fixes around the house, garden or garage.With its high adhesion and easy-to-tear application, this workbench favorite is great for holding, seaming, sealing and bundling.",,1,,,,,Heavy Duty Duct Tape/Binding Tape - Grey,Heavy Duty Duct Tape/Binding Tape - Grey,Tape>Duct Tape>Colored Duct Tape,https://m.media-amazon.com/images/I/71BzGEl2FDL._AC_SL1500_.jpg||https://m.media-amazon.com/images/I/61lW5O8EQIL._AC_SL1500_.jpg||https://m.media-amazon.com/images/I/61co8kpzZtL._AC_SL1500_.jpg||https://m.media-amazon.com/images/I/61VLFDiX+oL._AC_SL1200_.jpg,,,,,,,,,,,,,,,,,,,,,,,,,,,,,,,
,ps00050-1,ps00050,,,,,,,140,,,72mmX20yards,,,,,,,,,,,,,,,,,,,,,,,,,,,,,,,,,,,
,ps00050-2,ps00050,,,,,,,210,,,72mmX30yards,,,,,,,,,,,,,,,,,,,,,,,,,,,,,,,,,,,
,ps00050-3,ps00050,,,,,,,350,,,72mmX50yards,,,,,,,,,,,,,,,,,,,,,,,,,,,,,,,,,,,
variation,ps00051,,Heavy Duty Duct Tape/Binding Tape - Red,,Heavy Duty Duct Tape/Binding Tape - Red,"Duct Tape is the all-around tool for temporary repairs and quick fixes around the house, garden or garage.With its high adhesion and easy-to-tear application, this workbench favorite is great for holding, seaming, sealing and bundling.",,1,,,,,Heavy Duty Duct Tape/Binding Tape - Red,Heavy Duty Duct Tape/Binding Tape - Red,Tape>Duct Tape>Colored Duct Tape,https://m.media-amazon.com/images/I/91S-jU5mAqL._AC_SL1500_.jpg||https://m.media-amazon.com/images/I/715wu6u83bL._AC_SL1500_.jpg||https://m.media-amazon.com/images/I/6120CrVd86L._AC_SL1500_.jpg||https://m.media-amazon.com/images/I/71Ejx3VjT8L._AC_SL1200_.jpg||https://m.media-amazon.com/images/I/81WfpD30VJL._AC_SL1200_.jpg,,,,,,,,,,,,,,,,,,,,,,,,,,,,,,,
,ps00051-1,ps00051,,,,,,,38,,,72mmX20yards,,,,,,,,,,,,,,,,,,,,,,,,,,,,,,,,,,,
,ps00051-2,ps00051,,,,,,,55,,,72mmX30yards,,,,,,,,,,,,,,,,,,,,,,,,,,,,,,,,,,,
,ps00051-3,ps00051,,,,,,,95,,,72mmX50yards,,,,,,,,,,,,,,,,,,,,,,,,,,,,,,,,,,,
variation,ps00052,,Heavy Duty Duct Tape/Binding Tape - Yellow,,Heavy Duty Duct Tape/Binding Tape - Yellow,"Duct Tape is the all-around tool for temporary repairs and quick fixes around the house, garden or garage.With its high adhesion and easy-to-tear application, this workbench favorite is great for holding, seaming, sealing and bundling.",,1,,,,,Heavy Duty Duct Tape/Binding Tape - Yellow,Heavy Duty Duct Tape/Binding Tape - Yellow,Tape>Duct Tape>Colored Duct Tape,https://m.media-amazon.com/images/I/51ZUBrrugkL._AC_.jpg||https://m.media-amazon.com/images/I/81-nfH9XoXL._AC_SL1500_.jpg||https://m.media-amazon.com/images/I/71cAHvx9D8L._AC_SL1500_.jpg||https://m.media-amazon.com/images/I/81FhTLhnhjL._AC_SL1500_.jpg,,,,,,,,,,,,,,,,,,,,,,,,,,,,,,,
,ps0005-1,ps00052,,,,,,,38,,,72mmX20yards,,,,,,,,,,,,,,,,,,,,,,,,,,,,,,,,,,,
,ps0005-2,ps00052,,,,,,,55,,,72mmX30yards,,,,,,,,,,,,,,,,,,,,,,,,,,,,,,,,,,,
,ps0005-3,ps00052,,,,,,,95,,,72mmX50yards,,,,,,,,,,,,,,,,,,,,,,,,,,,,,,,,,,,
variation,ps00053,,Heavy Duty Duct Tape/Binding Tape - Green,,Heavy Duty Duct Tape/Binding Tape - Green,"Duct Tape is the all-around tool for temporary repairs and quick fixes around the house, garden or garage.With its high adhesion and easy-to-tear application, this workbench favorite is great for holding, seaming, sealing and bundling.",,1,,,,,Heavy Duty Duct Tape/Binding Tape - Green,Heavy Duty Duct Tape/Binding Tape - Green,Tape>Duct Tape>Colored Duct Tape,https://m.media-amazon.com/images/I/71uWjkDEc2L._AC_SL1500_.jpg||https://m.media-amazon.com/images/I/61as5X6acML._AC_SL1500_.jpg||https://m.media-amazon.com/images/I/61YBIEmRfqL._AC_SL1500_.jpg||https://m.media-amazon.com/images/I/716ghy1l6wL._AC_SL1500_.jpg||https://m.media-amazon.com/images/I/71QkIX4yuvL._AC_SL1500_.jpg,,,,,,,,,,,,,,,,,,,,,,,,,,,,,,,
,ps00053-1,ps00053,,,,,,,38,,,72mmX20yards,,,,,,,,,,,,,,,,,,,,,,,,,,,,,,,,,,,
,ps00053-2,ps00053,,,,,,,55,,,72mmX30yards,,,,,,,,,,,,,,,,,,,,,,,,,,,,,,,,,,,
,ps00053-3,ps00053,,,,,,,95,,,72mmX50yards,,,,,,,,,,,,,,,,,,,,,,,,,,,,,,,,,,,
variation,ps00054,,Heavy Duty Duct Tape/Binding Tape - Blue,,Heavy Duty Duct Tape/Binding Tape - Blue,"Duct Tape is the all-around tool for temporary repairs and quick fixes around the house, garden or garage.With its high adhesion and easy-to-tear application, this workbench favorite is great for holding, seaming, sealing and bundling.",,1,,,,,Heavy Duty Duct Tape/Binding Tape - Blue,Heavy Duty Duct Tape/Binding Tape - Blue,Tape>Duct Tape>Colored Duct Tape,https://m.media-amazon.com/images/I/81Q3TkSAAZL._AC_SL1500_.jpg||https://m.media-amazon.com/images/I/81GlcgPg2hL._AC_SL1500_.jpg||https://m.media-amazon.com/images/I/71PBo05mU4L._AC_SL1500_.jpg||https://m.media-amazon.com/images/I/81XPWx812eL._AC_SL1500_.jpg||https://m.media-amazon.com/images/I/61VLFDiX+oL._AC_SL1200_.jpg,,,,,,,,,,,,,,,,,,,,,,,,,,,,,,,
,ps00054-1,ps00054,,,,,,,38,,,72mmX20yards,,,,,,,,,,,,,,,,,,,,,,,,,,,,,,,,,,,
,ps00054-2,ps00054,,,,,,,55,,,72mmX30yards,,,,,,,,,,,,,,,,,,,,,,,,,,,,,,,,,,,
,ps00054-3,ps00054,,,,,,,95,,,72mmX50yards,,,,,,,,,,,,,,,,,,,,,,,,,,,,,,,,,,,
variation,ps00055,,Heavy Duty Duct Tape/Binding Tape - Black,,Heavy Duty Duct Tape/Binding Tape - Black,"Duct Tape is the all-around tool for temporary repairs and quick fixes around the house, garden or garage.With its high adhesion and easy-to-tear application, this workbench favorite is great for holding, seaming, sealing and bundling.",,1,,,,,Heavy Duty Duct Tape/Binding Tape - Black,Heavy Duty Duct Tape/Binding Tape - Black,Tape>Duct Tape>Colored Duct Tape,https://m.media-amazon.com/images/I/812rjs0H3eL._AC_SL1500_.jpg||https://m.media-amazon.com/images/I/81tXcEY0D0L._AC_SL1500_.jpg||https://m.media-amazon.com/images/I/615pLczhCeL._AC_SL1500_.jpg||https://m.media-amazon.com/images/I/71I7Zy5gNNL._AC_SL1200_.jpg||https://m.media-amazon.com/images/I/71ktoyxmNmL._AC_SL1200_.jpg||https://m.media-amazon.com/images/I/71IcCJAkTJL._AC_SL1200_.jpg,,,,,,,,,,,,,,,,,,,,,,,,,,,,,,,
,ps00055-1,ps00055,,,,,,,38,,,72mmX20yards,,,,,,,,,,,,,,,,,,,,,,,,,,,,,,,,,,,
,ps00055-2,ps00055,,,,,,,55,,,72mmX30yards,,,,,,,,,,,,,,,,,,,,,,,,,,,,,,,,,,,
,ps00055-3,ps00055,,,,,,,95,,,72mmX50yards,,,,,,,,,,,,,,,,,,,,,,,,,,,,,,,,,,,
variation,ps00056,,Heavy Duty Duct Tape/Binding Tape - Grey,,Heavy Duty Duct Tape/Binding Tape - Grey,"Duct Tape is the all-around tool for temporary repairs and quick fixes around the house, garden or garage.With its high adhesion and easy-to-tear application, this workbench favorite is great for holding, seaming, sealing and bundling.",,1,,,,,Heavy Duty Duct Tape/Binding Tape - Grey,Heavy Duty Duct Tape/Binding Tape - Grey,Tape>Duct Tape>Colored Duct Tape,https://m.media-amazon.com/images/I/71BzGEl2FDL._AC_SL1500_.jpg||https://m.media-amazon.com/images/I/61lW5O8EQIL._AC_SL1500_.jpg||https://m.media-amazon.com/images/I/61co8kpzZtL._AC_SL1500_.jpg||https://m.media-amazon.com/images/I/61VLFDiX+oL._AC_SL1200_.jpg,,,,,,,,,,,,,,,,,,,,,,,,,,,,,,,
,ps00056-1,ps00056,,,,,,,38,,,72mmX20yards,,,,,,,,,,,,,,,,,,,,,,,,,,,,,,,,,,,
,ps00056-2,ps00056,,,,,,,55,,,72mmX30yards,,,,,,,,,,,,,,,,,,,,,,,,,,,,,,,,,,,
,ps00056-3,ps00056,,,,,,,95,,,72mmX50yards,,,,,,,,,,,,,,,,,,,,,,,,,,,,,,,,,,,
variation,ps00057,,Coloured BOPP Tape - 45micron - Red/Blue/Green/White/Orange/Black/Green/Pink/Purple,,Coloured BOPP Tape - 45micron - Red/Blue/Green/White/Orange/Black/Green/Pink/Purple,"Coloured BOPP Tapes are quite handy from the inventory point of view. Colored tapes are quite often used to identify different products and therefore it becomes quite comfortable in handling different packaging. In such a way, chances of damaging the sensitive items reduce to quite an extent. If you are looking for a colored BOPP tape, brown is the most commonly available color. Apart from this, these tapes are available in other colors too such as black, blue, white, purple, orange, yellow, pink, and red.",,1,,,,,Coloured BOPP Tape - 45micron - Red/Blue/Green/White/Orange/Black/Green/Pink/Purple,Coloured BOPP Tape - 45micron - Red/Blue/Green/White/Orange/Black/Green/Pink/Purple,Tape>Adhesive Transfer>Adhesive Transfer Tape,http://www.truetape.com.my/assets/images/3.opp-color-tapes-1-1000x667.jpg,,,,,,,,,,,,,,,,,,,,,,,,,,,,,,,
,ps00057-1,ps00057,,,,,,,60,,,48mmX50yards,,,,,,,,,,,,,,,,,,,,,,,,,,,,,,,,,,,
,ps00057-2,ps00057,,,,,,,110,,,48mmX100yards,,,,,,,,,,,,,,,,,,,,,,,,,,,,,,,,,,,
variation,ps00058,,Coloured BOPP Tape - 45micron - Red/Blue/Green/White/Orange/Black/Green/Pink/Purple,,Coloured BOPP Tape - 45micron - Red/Blue/Green/White/Orange/Black/Green/Pink/Purple,"Coloured BOPP Tapes are quite handy from the inventory point of view. Colored tapes are quite often used to identify different products and therefore it becomes quite comfortable in handling different packaging. In such a way, chances of damaging the sensitive items reduce to quite an extent. If you are looking for a colored BOPP tape, brown is the most commonly available color. Apart from this, these tapes are available in other colors too such as black, blue, white, purple, orange, yellow, pink, and red.",,1,,,,,Coloured BOPP Tape - 45micron - Red/Blue/Green/White/Orange/Black/Green/Pink/Purple,Coloured BOPP Tape - 45micron - Red/Blue/Green/White/Orange/Black/Green/Pink/Purple,Tape>Adhesive Transfer>Adhesive Transfer Tape,http://www.truetape.com.my/assets/images/3.opp-color-tapes-1-1000x667.jpg,,,,,,,,,,,,,,,,,,,,,,,,,,,,,,,
,ps0005-1,ps00058,,,,,,,60,,,72mmX50yards,,,,,,,,,,,,,,,,,,,,,,,,,,,,,,,,,,,
,ps0005-2,ps00058,,,,,,,110,,,72mmX100yards,,,,,,,,,,,,,,,,,,,,,,,,,,,,,,,,,,,
variation,ps00059,,Coloured BOPP Tape - 45micron - Red/Blue/Green/White/Orange/Black/Green/Pink/Purple,,Coloured BOPP Tape - 45micron - Red/Blue/Green/White/Orange/Black/Green/Pink/Purple,"Coloured BOPP Tapes are quite handy from the inventory point of view. Colored tapes are quite often used to identify different products and therefore it becomes quite comfortable in handling different packaging. In such a way, chances of damaging the sensitive items reduce to quite an extent. If you are looking for a colored BOPP tape, brown is the most commonly available color. Apart from this, these tapes are available in other colors too such as black, blue, white, purple, orange, yellow, pink, and red.",,1,,,,,Coloured BOPP Tape - 45micron - Red/Blue/Green/White/Orange/Black/Green/Pink/Purple,Coloured BOPP Tape - 45micron - Red/Blue/Green/White/Orange/Black/Green/Pink/Purple,Tape>Adhesive Transfer>Adhesive Transfer Tape,http://www.truetape.com.my/assets/images/3.opp-color-tapes-1-1000x667.jpg,,,,,,,,,,,,,,,,,,,,,,,,,,,,,,,
,ps00059-1,ps00059,,,,,,,12,,,48mmX50yards,,,,,,,,,,,,,,,,,,,,,,,,,,,,,,,,,,,
,ps00059-2,ps00059,,,,,,,20,,,48mmX100yards,,,,,,,,,,,,,,,,,,,,,,,,,,,,,,,,,,,
variation,ps00060,,Coloured BOPP Tape - 45micron - Red/Blue/Green/White/Orange/Black/Green/Pink/Purple,,Coloured BOPP Tape - 45micron - Red/Blue/Green/White/Orange/Black/Green/Pink/Purple,"Coloured BOPP Tapes are quite handy from the inventory point of view. Colored tapes are quite often used to identify different products and therefore it becomes quite comfortable in handling different packaging. In such a way, chances of damaging the sensitive items reduce to quite an extent. If you are looking for a colored BOPP tape, brown is the most commonly available color. Apart from this, these tapes are available in other colors too such as black, blue, white, purple, orange, yellow, pink, and red.",,1,,,,,Coloured BOPP Tape - 45micron - Red/Blue/Green/White/Orange/Black/Green/Pink/Purple,Coloured BOPP Tape - 45micron - Red/Blue/Green/White/Orange/Black/Green/Pink/Purple,Tape>Adhesive Transfer>Adhesive Transfer Tape,http://www.truetape.com.my/assets/images/3.opp-color-tapes-1-1000x667.jpg,,,,,,,,,,,,,,,,,,,,,,,,,,,,,,,
,ps00060-1,ps00060,,,,,,,12,,,72mmX50yards,,,,,,,,,,,,,,,,,,,,,,,,,,,,,,,,,,,
,ps00060-2,ps00060,,,,,,,20,,,72mmX100yards,,,,,,,,,,,,,,,,,,,,,,,,,,,,,,,,,,,
variation,ps00061,,Solvent Based BOPP Tape- 55Micron - Clear,,Solvent Based BOPP Tape- 55Micron - Clear,"BOPP clear packing tape is a thin premium grade clear BOPP film , coated with an aggressive acrylic based adhesive . It has good tensile strength and excellent adhesive performance , mainly used for bundling of various objects and carton sealing .",,1,,,,,Solvent Based BOPP Tape- 55Micron - Clear,Solvent Based BOPP Tape- 55Micron - Clear,Tape>Packing Tape>Transparent,https://cdn.goodao.net/ys-packingtape/clear-tape-492.jpg||https://cdn.goodao.net/ys-packingtape/clear-tape-53.jpg||https://cdn.goodao.net/ys-packingtape/clear-tape-55.jpg,,,,,,,,,,,,,,,,,,,,,,,,,,,,,,,
,ps0006-1,ps00061,,,,,,,80,,,48mmX50yards,,,,,,,,,,,,,,,,,,,,,,,,,,,,,,,,,,,
,ps0006-2,ps00061,,,,,,,155,,,48mmX100yards,,,,,,,,,,,,,,,,,,,,,,,,,,,,,,,,,,,
variation,ps00062,,Solvent Based BOPP Tape- 55Micron - Clear,,Solvent Based BOPP Tape- 55Micron - Clear,"BOPP clear packing tape is a thin premium grade clear BOPP film , coated with an aggressive acrylic based adhesive . It has good tensile strength and excellent adhesive performance , mainly used for bundling of various objects and carton sealing .",,1,,,,,Solvent Based BOPP Tape- 55Micron - Clear,Solvent Based BOPP Tape- 55Micron - Clear,Tape>Packing Tape>Transparent,https://cdn.goodao.net/ys-packingtape/clear-tape-492.jpg||https://cdn.goodao.net/ys-packingtape/clear-tape-53.jpg||https://cdn.goodao.net/ys-packingtape/clear-tape-55.jpg,,,,,,,,,,,,,,,,,,,,,,,,,,,,,,,
,ps00062-1,ps00062,,,,,,,15,,,48mmX50yards,,,,,,,,,,,,,,,,,,,,,,,,,,,,,,,,,,,
,ps00062-2,ps00062,,,,,,,28,,,48mmX100yards,,,,,,,,,,,,,,,,,,,,,,,,,,,,,,,,,,,
,ps00062-3,ps00062,,,,,,,270,,,48mmX1000yards,,,,,,,,,,,,,,,,,,,,,,,,,,,,,,,,,,,
simple,,,Solvent Based BOPP Tape- 55Micron - Clear,,Solvent Based BOPP Tape- 55Micron - Clear,"BOPP clear packing tape is a thin premium grade clear BOPP film , coated with an aggressive acrylic based adhesive . It has good tensile strength and excellent adhesive performance , mainly used for bundling of various objects and carton sealing .",,1,270,,,72mmX1000yards,Solvent Based BOPP Tape- 55Micron - Clear,Solvent Based BOPP Tape- 55Micron - Clear,Tape>Packing Tape>Transparent,https://cdn.goodao.net/ys-packingtape/clear-tape-492.jpg||https://cdn.goodao.net/ys-packingtape/clear-tape-53.jpg||https://cdn.goodao.net/ys-packingtape/clear-tape-55.jpg,,,,,,,,,,,,,,,,,,,,,,,,,,,,,,,
variation,ps00063,,Reinforced Aluminum Tape - Silver,,Reinforced Aluminum Tape - Silver,"Aluminum foil tape provides a durable bond at low and high temperatures. Conformable backing and pressure sensitive adhesive means it will adhere properly to a variety of smooth and irregular surfaces.Perfect for sealing air ducts, designed to easily for Pipe Sealing, HVAC, Metal Repair, Patching Hot Cold Air Ducts, Heat Insulation.Tape is waterproof, heat and high temperature resistant, rust proof, electronic jamming, for Pipe Sealing",,1,,,,,Reinforced Aluminum Tape - Silver,Reinforced Aluminum Tape - Silver,,https://m.media-amazon.com/images/I/51RzeWnjQhL._AC_SL1000_.jpg||https://m.media-amazon.com/images/I/51CmL41+DuL._AC_.jpg||https://m.media-amazon.com/images/I/51fC5V8hPbL._AC_SL1000_.jpg||https://m.media-amazon.com/images/I/413JNa18zSL._AC_.jpg||https://m.media-amazon.com/images/I/41cpJP+iw6L._AC_.jpg,,,,,,,,,,,,,,,,,,,,,,,,,,,,,,,
,ps00063-1,ps00063,,,,,,,72,,,48mmX20yards,,,,,,,,,,,,,,,,,,,,,,,,,,,,,,,,,,,
,ps00063-2,ps00063,,,,,,,100,,,48mmX30yards,,,,,,,,,,,,,,,,,,,,,,,,,,,,,,,,,,,
variation,ps00064,,Reinforced Aluminum Tape - Silver,,Reinforced Aluminum Tape - Silver,"Aluminum foil tape provides a durable bond at low and high temperatures. Conformable backing and pressure sensitive adhesive means it will adhere properly to a variety of smooth and irregular surfaces.Perfect for sealing air ducts, designed to easily for Pipe Sealing, HVAC, Metal Repair, Patching Hot Cold Air Ducts, Heat Insulation.Tape is waterproof, heat and high temperature resistant, rust proof, electronic jamming, for Pipe Sealing",,1,,,,,Reinforced Aluminum Tape - Silver,Reinforced Aluminum Tape - Silver,,https://m.media-amazon.com/images/I/51RzeWnjQhL._AC_SL1000_.jpg||https://m.media-amazon.com/images/I/51CmL41+DuL._AC_.jpg||https://m.media-amazon.com/images/I/51fC5V8hPbL._AC_SL1000_.jpg||https://m.media-amazon.com/images/I/413JNa18zSL._AC_.jpg||https://m.media-amazon.com/images/I/41cpJP+iw6L._AC_.jpg,,,,,,,,,,,,,,,,,,,,,,,,,,,,,,,
,ps00064-1,ps00064,,,,,,,72,,,72mmX20yards,,,,,,,,,,,,,,,,,,,,,,,,,,,,,,,,,,,
,ps00064-2,ps00064,,,,,,,100,,,72mmX30yards,,,,,,,,,,,,,,,,,,,,,,,,,,,,,,,,,,,
variation,ps00065,,Reinforced Aluminum Tape - Silver,,Reinforced Aluminum Tape - Silver,"Aluminum foil tape provides a durable bond at low and high temperatures. Conformable backing and pressure sensitive adhesive means it will adhere properly to a variety of smooth and irregular surfaces.Perfect for sealing air ducts, designed to easily for Pipe Sealing, HVAC, Metal Repair, Patching Hot Cold Air Ducts, Heat Insulation.Tape is waterproof, heat and high temperature resistant, rust proof, electronic jamming, for Pipe Sealing",,1,,,,,Reinforced Aluminum Tape - Silver,Reinforced Aluminum Tape - Silver,,https://m.media-amazon.com/images/I/51RzeWnjQhL._AC_SL1000_.jpg||https://m.media-amazon.com/images/I/51CmL41+DuL._AC_.jpg||https://m.media-amazon.com/images/I/51fC5V8hPbL._AC_SL1000_.jpg||https://m.media-amazon.com/images/I/413JNa18zSL._AC_.jpg||https://m.media-amazon.com/images/I/41cpJP+iw6L._AC_.jpg,,,,,,,,,,,,,,,,,,,,,,,,,,,,,,,
,ps00065-1,ps00065,,,,,,,15,,,48mmX20yards,,,,,,,,,,,,,,,,,,,,,,,,,,,,,,,,,,,
,ps00065-2,ps00065,,,,,,,19,,,48mmX30yards,,,,,,,,,,,,,,,,,,,,,,,,,,,,,,,,,,,
,ps00065-3,ps00065,,,,,,,21,,,72mmX20yards,,,,,,,,,,,,,,,,,,,,,,,,,,,,,,,,,,,
,ps00065-4,ps00065,,,,,,,27,,,72mmX30yards,,,,,,,,,,,,,,,,,,,,,,,,,,,,,,,,,,,
variation,ps00066,,Aluminum-Glass Tape - Silver,,Aluminum-Glass Tape - Silver,"Aluminum Foil/Glass Tape consists of an aluminum foil, glass cloth backing combined with a pressure sensitive silicone adhesive. Ideal for use as a protective wrap for heat sensitive cables and other instruments exposed to movement and vibration. Commonly used in aerospace, automotive and general industrial applications.",,1,,,,,Aluminum-Glass Tape - Silver,Aluminum-Glass Tape - Silver,,https://5.imimg.com/data5/AJ/EH/UG/SELLER-3517851/aluminum-tape-1000x1000.jpg||https://5.imimg.com/data5/RK/MS/CA/SELLER-3517851/aluminum-tape-500x500.jpg||https://5.imimg.com/data5/ZX/PU/GZ/SELLER-3517851/aluminum-tape-500x500.jpg,,,,,,,,,,,,,,,,,,,,,,,,,,,,,,,
,ps00066-1,ps00066,,,,,,,82,,,48mmX20yards,,,,,,,,,,,,,,,,,,,,,,,,,,,,,,,,,,,
,ps00066-2,ps00066,,,,,,,110,,,48mmX30yards,,,,,,,,,,,,,,,,,,,,,,,,,,,,,,,,,,,
variation,ps00067,,Aluminum-Glass Tape - Silver,,Aluminum-Glass Tape - Silver,"Aluminum Foil/Glass Tape consists of an aluminum foil, glass cloth backing combined with a pressure sensitive silicone adhesive. Ideal for use as a protective wrap for heat sensitive cables and other instruments exposed to movement and vibration. Commonly used in aerospace, automotive and general industrial applications.",,1,,,,,Aluminum-Glass Tape - Silver,Aluminum-Glass Tape - Silver,,https://5.imimg.com/data5/AJ/EH/UG/SELLER-3517851/aluminum-tape-1000x1000.jpg||https://5.imimg.com/data5/RK/MS/CA/SELLER-3517851/aluminum-tape-500x500.jpg||https://5.imimg.com/data5/ZX/PU/GZ/SELLER-3517851/aluminum-tape-500x500.jpg,,,,,,,,,,,,,,,,,,,,,,,,,,,,,,,
,ps00067-1,ps00067,,,,,,,78,,,72mmX20yards,,,,,,,,,,,,,,,,,,,,,,,,,,,,,,,,,,,
,ps00067-2,ps00067,,,,,,,110,,,72mmX30yards,,,,,,,,,,,,,,,,,,,,,,,,,,,,,,,,,,,
variation,ps00068,,Aluminum-Glass Tape - Silver,,Aluminum-Glass Tape - Silver,"Aluminum Foil/Glass Tape consists of an aluminum foil, glass cloth backing combined with a pressure sensitive silicone adhesive. Ideal for use as a protective wrap for heat sensitive cables and other instruments exposed to movement and vibration. Commonly used in aerospace, automotive and general industrial applications.",,1,,,,,Aluminum-Glass Tape - Silver,Aluminum-Glass Tape - Silver,,https://5.imimg.com/data5/AJ/EH/UG/SELLER-3517851/aluminum-tape-1000x1000.jpg||https://5.imimg.com/data5/RK/MS/CA/SELLER-3517851/aluminum-tape-500x500.jpg||https://5.imimg.com/data5/ZX/PU/GZ/SELLER-3517851/aluminum-tape-500x500.jpg,,,,,,,,,,,,,,,,,,,,,,,,,,,,,,,
,ps00068-1,ps00068,,,,,,,17,,,48mmX20yards,,,,,,,,,,,,,,,,,,,,,,,,,,,,,,,,,,,
,ps00068-2,ps00068,,,,,,,21,,,48mmX30yards,,,,,,,,,,,,,,,,,,,,,,,,,,,,,,,,,,,
,ps00068-3,ps00068,,,,,,,23,,,72mmX20yards,,,,,,,,,,,,,,,,,,,,,,,,,,,,,,,,,,,
,ps00068-4,ps00068,,,,,,,29,,,72mmX30yards,,,,,,,,,,,,,,,,,,,,,,,,,,,,,,,,,,,
variation,ps00069,,Double Sided Tissue Tape,,Double Sided Tissue Tape,"Double Sided Tissue Tapes are lightweight tissues coated with a rubber based adhesive. Similar to double sided paper products, double sided tissue provides conformability and more stability than adhesive transfer tapes. Double Sided Tissue is recommended for mounting light objects and may be used to laminate cork, paper, plastic, and textiles.Double Sided Tissue Tapes are made from non woven-tissue paper coated on both sides with acrylic adhesive or hot melt rubber adhesive and laminated with release paper. Tissue Tapes are made with wide range of adhesives to get different adhesion levels and applications.",,1,,,,,Double Sided Tissue Tape,Double Sided Tissue Tape,,https://m.media-amazon.com/images/I/61NWjaP2x5L._SL1500_.jpg||https://m.media-amazon.com/images/I/71ap8bImkyL._SL1500_.jpg||https://m.media-amazon.com/images/I/31XTl0eRyiL.jpg||https://m.media-amazon.com/images/I/41Ml8KakU4L.jpg||https://m.media-amazon.com/images/I/51eVdge02xL.jpg,,,,,,,,,,,,,,,,,,,,,,,,,,,,,,,
,ps00069-1,ps00069,,,,,,,80,,,12mmX15yards,,,,,,,,,,,,,,,,,,,,,,,,,,,,,,,,,,,
,ps00069-2,ps00069,,,,,,,150,,,12mmX30yards,,,,,,,,,,,,,,,,,,,,,,,,,,,,,,,,,,,
,ps00069-3,ps00069,,,,,,,250,,,12mmX50yards,,,,,,,,,,,,,,,,,,,,,,,,,,,,,,,,,,,
variation,ps00070,,Double Sided Tissue Tape,,Double Sided Tissue Tape,"Double Sided Tissue Tapes are lightweight tissues coated with a rubber based adhesive. Similar to double sided paper products, double sided tissue provides conformability and more stability than adhesive transfer tapes. Double Sided Tissue is recommended for mounting light objects and may be used to laminate cork, paper, plastic, and textiles.Double Sided Tissue Tapes are made from non woven-tissue paper coated on both sides with acrylic adhesive or hot melt rubber adhesive and laminated with release paper. Tissue Tapes are made with wide range of adhesives to get different adhesion levels and applications.",,1,,,,,Double Sided Tissue Tape,Double Sided Tissue Tape,,https://m.media-amazon.com/images/I/61NWjaP2x5L._SL1500_.jpg||https://m.media-amazon.com/images/I/71ap8bImkyL._SL1500_.jpg||https://m.media-amazon.com/images/I/31XTl0eRyiL.jpg||https://m.media-amazon.com/images/I/41Ml8KakU4L.jpg||https://m.media-amazon.com/images/I/51eVdge02xL.jpg,,,,,,,,,,,,,,,,,,,,,,,,,,,,,,,
,ps00070-1,ps00070,,,,,,,80,,,24mmX15yards,,,,,,,,,,,,,,,,,,,,,,,,,,,,,,,,,,,
,ps00070-2,ps00070,,,,,,,150,,,24mmX30yards,,,,,,,,,,,,,,,,,,,,,,,,,,,,,,,,,,,
,ps00070-3,ps00070,,,,,,,250,,,24mmX50yards,,,,,,,,,,,,,,,,,,,,,,,,,,,,,,,,,,,
variation,ps00071,,Double Sided Tissue Tape,,Double Sided Tissue Tape,"Double Sided Tissue Tapes are lightweight tissues coated with a rubber based adhesive. Similar to double sided paper products, double sided tissue provides conformability and more stability than adhesive transfer tapes. Double Sided Tissue is recommended for mounting light objects and may be used to laminate cork, paper, plastic, and textiles.Double Sided Tissue Tapes are made from non woven-tissue paper coated on both sides with acrylic adhesive or hot melt rubber adhesive and laminated with release paper. Tissue Tapes are made with wide range of adhesives to get different adhesion levels and applications.",,1,,,,,Double Sided Tissue Tape,Double Sided Tissue Tape,,https://m.media-amazon.com/images/I/61NWjaP2x5L._SL1500_.jpg||https://m.media-amazon.com/images/I/71ap8bImkyL._SL1500_.jpg||https://m.media-amazon.com/images/I/31XTl0eRyiL.jpg||https://m.media-amazon.com/images/I/41Ml8KakU4L.jpg||https://m.media-amazon.com/images/I/51eVdge02xL.jpg,,,,,,,,,,,,,,,,,,,,,,,,,,,,,,,
,ps00071-1,ps00071,,,,,,,80,,,36mmX15yards,,,,,,,,,,,,,,,,,,,,,,,,,,,,,,,,,,,
,ps00071-2,ps00071,,,,,,,150,,,36mmX30yards,,,,,,,,,,,,,,,,,,,,,,,,,,,,,,,,,,,
,ps00071-3,ps00071,,,,,,,250,,,36mmX50yards,,,,,,,,,,,,,,,,,,,,,,,,,,,,,,,,,,,
variation,ps00072,,Double Sided Tissue Tape,,Double Sided Tissue Tape,"Double Sided Tissue Tapes are lightweight tissues coated with a rubber based adhesive. Similar to double sided paper products, double sided tissue provides conformability and more stability than adhesive transfer tapes. Double Sided Tissue is recommended for mounting light objects and may be used to laminate cork, paper, plastic, and textiles.Double Sided Tissue Tapes are made from non woven-tissue paper coated on both sides with acrylic adhesive or hot melt rubber adhesive and laminated with release paper. Tissue Tapes are made with wide range of adhesives to get different adhesion levels and applications.",,1,,,,,Double Sided Tissue Tape,Double Sided Tissue Tape,,https://m.media-amazon.com/images/I/61NWjaP2x5L._SL1500_.jpg||https://m.media-amazon.com/images/I/71ap8bImkyL._SL1500_.jpg||https://m.media-amazon.com/images/I/31XTl0eRyiL.jpg||https://m.media-amazon.com/images/I/41Ml8KakU4L.jpg||https://m.media-amazon.com/images/I/51eVdge02xL.jpg,,,,,,,,,,,,,,,,,,,,,,,,,,,,,,,
,ps00072-1,ps00072,,,,,,,80,,,48mmX15yards,,,,,,,,,,,,,,,,,,,,,,,,,,,,,,,,,,,
,ps00072-2,ps00072,,,,,,,150,,,48mmX30yards,,,,,,,,,,,,,,,,,,,,,,,,,,,,,,,,,,,
,ps00072-3,ps00072,,,,,,,250,,,48mmX50yards,,,,,,,,,,,,,,,,,,,,,,,,,,,,,,,,,,,
,ps00072-4,ps00072,,,,,,,24,,,12mmX15yards,,,,,,,,,,,,,,,,,,,,,,,,,,,,,,,,,,,
,ps00072-5,ps00072,,,,,,,40,,,12mmX30yards,,,,,,,,,,,,,,,,,,,,,,,,,,,,,,,,,,,
,ps00072-6,ps00072,,,,,,,65,,,12mmX50yards,,,,,,,,,,,,,,,,,,,,,,,,,,,,,,,,,,,
variation,ps00073,,Double Sided Tissue Tape,,Double Sided Tissue Tape,"Double Sided Tissue Tapes are lightweight tissues coated with a rubber based adhesive. Similar to double sided paper products, double sided tissue provides conformability and more stability than adhesive transfer tapes. Double Sided Tissue is recommended for mounting light objects and may be used to laminate cork, paper, plastic, and textiles.Double Sided Tissue Tapes are made from non woven-tissue paper coated on both sides with acrylic adhesive or hot melt rubber adhesive and laminated with release paper. Tissue Tapes are made with wide range of adhesives to get different adhesion levels and applications.",,1,,,,,Double Sided Tissue Tape,Double Sided Tissue Tape,,https://m.media-amazon.com/images/I/61NWjaP2x5L._SL1500_.jpg||https://m.media-amazon.com/images/I/71ap8bImkyL._SL1500_.jpg||https://m.media-amazon.com/images/I/31XTl0eRyiL.jpg||https://m.media-amazon.com/images/I/41Ml8KakU4L.jpg||https://m.media-amazon.com/images/I/51eVdge02xL.jpg,,,,,,,,,,,,,,,,,,,,,,,,,,,,,,,
,ps00073-1,ps00073,,,,,,,80,,,72mmX15yards,,,,,,,,,,,,,,,,,,,,,,,,,,,,,,,,,,,
,ps00073-2,ps00073,,,,,,,150,,,72mmX30yards,,,,,,,,,,,,,,,,,,,,,,,,,,,,,,,,,,,
,ps00073-3,ps00073,,,,,,,250,,,72mmX50yards,,,,,,,,,,,,,,,,,,,,,,,,,,,,,,,,,,,
variation,ps00074,,Double Sided Tissue Tape,,Double Sided Tissue Tape,"Double Sided Tissue Tapes are lightweight tissues coated with a rubber based adhesive. Similar to double sided paper products, double sided tissue provides conformability and more stability than adhesive transfer tapes. Double Sided Tissue is recommended for mounting light objects and may be used to laminate cork, paper, plastic, and textiles.Double Sided Tissue Tapes are made from non woven-tissue paper coated on both sides with acrylic adhesive or hot melt rubber adhesive and laminated with release paper. Tissue Tapes are made with wide range of adhesives to get different adhesion levels and applications.",,1,,,,,Double Sided Tissue Tape,Double Sided Tissue Tape,,https://m.media-amazon.com/images/I/61NWjaP2x5L._SL1500_.jpg||https://m.media-amazon.com/images/I/71ap8bImkyL._SL1500_.jpg||https://m.media-amazon.com/images/I/31XTl0eRyiL.jpg||https://m.media-amazon.com/images/I/41Ml8KakU4L.jpg||https://m.media-amazon.com/images/I/51eVdge02xL.jpg,,,,,,,,,,,,,,,,,,,,,,,,,,,,,,,
,ps00074-1,ps00074,,,,,,,24,,,96mmX15yards,,,,,,,,,,,,,,,,,,,,,,,,,,,,,,,,,,,
,ps00074-2,ps00074,,,,,,,40,,,96mmX30yards,,,,,,,,,,,,,,,,,,,,,,,,,,,,,,,,,,,
,ps00074-3,ps00074,,,,,,,65,,,96mmX50yards,,,,,,,,,,,,,,,,,,,,,,,,,,,,,,,,,,,
,ps00074-4,ps00074,,,,,,,24,,,24mmX15yards,,,,,,,,,,,,,,,,,,,,,,,,,,,,,,,,,,,
,ps00074-5,ps00074,,,,,,,40,,,24mmX30yards,,,,,,,,,,,,,,,,,,,,,,,,,,,,,,,,,,,
,ps00074-6,ps00074,,,,,,,65,,,24mmX50yards,,,,,,,,,,,,,,,,,,,,,,,,,,,,,,,,,,,
variation,ps00075,,Double Sided Tissue Tape,,Double Sided Tissue Tape,"Double Sided Tissue Tapes are lightweight tissues coated with a rubber based adhesive. Similar to double sided paper products, double sided tissue provides conformability and more stability than adhesive transfer tapes. Double Sided Tissue is recommended for mounting light objects and may be used to laminate cork, paper, plastic, and textiles.Double Sided Tissue Tapes are made from non woven-tissue paper coated on both sides with acrylic adhesive or hot melt rubber adhesive and laminated with release paper. Tissue Tapes are made with wide range of adhesives to get different adhesion levels and applications.",,1,,,,,Double Sided Tissue Tape,Double Sided Tissue Tape,,https://m.media-amazon.com/images/I/61NWjaP2x5L._SL1500_.jpg||https://m.media-amazon.com/images/I/71ap8bImkyL._SL1500_.jpg||https://m.media-amazon.com/images/I/31XTl0eRyiL.jpg||https://m.media-amazon.com/images/I/41Ml8KakU4L.jpg||https://m.media-amazon.com/images/I/51eVdge02xL.jpg,,,,,,,,,,,,,,,,,,,,,,,,,,,,,,,
,ps00075-1,ps00075,,,,,,,24,,,36mmX15yards,,,,,,,,,,,,,,,,,,,,,,,,,,,,,,,,,,,
,ps00075-2,ps00075,,,,,,,40,,,36mmX30yards,,,,,,,,,,,,,,,,,,,,,,,,,,,,,,,,,,,
,ps00075-3,ps00075,,,,,,,65,,,36mmX50yards,,,,,,,,,,,,,,,,,,,,,,,,,,,,,,,,,,,
variation,ps00076,,Double Sided Tissue Tape,,Double Sided Tissue Tape,"Double Sided Tissue Tapes are lightweight tissues coated with a rubber based adhesive. Similar to double sided paper products, double sided tissue provides conformability and more stability than adhesive transfer tapes. Double Sided Tissue is recommended for mounting light objects and may be used to laminate cork, paper, plastic, and textiles.Double Sided Tissue Tapes are made from non woven-tissue paper coated on both sides with acrylic adhesive or hot melt rubber adhesive and laminated with release paper. Tissue Tapes are made with wide range of adhesives to get different adhesion levels and applications.",,1,,,,,Double Sided Tissue Tape,Double Sided Tissue Tape,,https://m.media-amazon.com/images/I/61NWjaP2x5L._SL1500_.jpg||https://m.media-amazon.com/images/I/71ap8bImkyL._SL1500_.jpg||https://m.media-amazon.com/images/I/31XTl0eRyiL.jpg||https://m.media-amazon.com/images/I/41Ml8KakU4L.jpg||https://m.media-amazon.com/images/I/51eVdge02xL.jpg,,,,,,,,,,,,,,,,,,,,,,,,,,,,,,,
,ps00076-1,ps00076,,,,,,,24,,,48mmX15yards,,,,,,,,,,,,,,,,,,,,,,,,,,,,,,,,,,,
,ps00076-2,ps00076,,,,,,,40,,,48mmX30yards,,,,,,,,,,,,,,,,,,,,,,,,,,,,,,,,,,,
,ps00076-3,ps00076,,,,,,,65,,,48mmX50yards,,,,,,,,,,,,,,,,,,,,,,,,,,,,,,,,,,,
variation,ps00077,,Double Sided Tissue Tape,,Double Sided Tissue Tape,"Double Sided Tissue Tapes are lightweight tissues coated with a rubber based adhesive. Similar to double sided paper products, double sided tissue provides conformability and more stability than adhesive transfer tapes. Double Sided Tissue is recommended for mounting light objects and may be used to laminate cork, paper, plastic, and textiles.Double Sided Tissue Tapes are made from non woven-tissue paper coated on both sides with acrylic adhesive or hot melt rubber adhesive and laminated with release paper. Tissue Tapes are made with wide range of adhesives to get different adhesion levels and applications.",,1,,,,,Double Sided Tissue Tape,Double Sided Tissue Tape,,https://m.media-amazon.com/images/I/61NWjaP2x5L._SL1500_.jpg||https://m.media-amazon.com/images/I/71ap8bImkyL._SL1500_.jpg||https://m.media-amazon.com/images/I/31XTl0eRyiL.jpg||https://m.media-amazon.com/images/I/41Ml8KakU4L.jpg||https://m.media-amazon.com/images/I/51eVdge02xL.jpg,,,,,,,,,,,,,,,,,,,,,,,,,,,,,,,
,,ps00077,,,,,,,24,,,72mmX15yards,,,,,,,,,,,,,,,,,,,,,,,,,,,,,,,,,,,
,,ps00077,,,,,,,40,,,72mmX30yards,,,,,,,,,,,,,,,,,,,,,,,,,,,,,,,,,,,
,,ps00077,,,,,,,65,,,72mmX50yards,,,,,,,,,,,,,,,,,,,,,,,,,,,,,,,,,,,
variation,ps00078,,Double Sided Tissue Tape,,Double Sided Tissue Tape,"Double Sided Tissue Tapes are lightweight tissues coated with a rubber based adhesive. Similar to double sided paper products, double sided tissue provides conformability and more stability than adhesive transfer tapes. Double Sided Tissue is recommended for mounting light objects and may be used to laminate cork, paper, plastic, and textiles.Double Sided Tissue Tapes are made from non woven-tissue paper coated on both sides with acrylic adhesive or hot melt rubber adhesive and laminated with release paper. Tissue Tapes are made with wide range of adhesives to get different adhesion levels and applications.",,1,,,,,Double Sided Tissue Tape,Double Sided Tissue Tape,,https://m.media-amazon.com/images/I/61NWjaP2x5L._SL1500_.jpg||https://m.media-amazon.com/images/I/71ap8bImkyL._SL1500_.jpg||https://m.media-amazon.com/images/I/31XTl0eRyiL.jpg||https://m.media-amazon.com/images/I/41Ml8KakU4L.jpg||https://m.media-amazon.com/images/I/51eVdge02xL.jpg,,,,,,,,,,,,,,,,,,,,,,,,,,,,,,,
,ps0007-1,ps00078,,,,,,,24,,,96mmX15yards,,,,,,,,,,,,,,,,,,,,,,,,,,,,,,,,,,,
,ps0007-2,ps00078,,,,,,,40,,,96mmX30yards,,,,,,,,,,,,,,,,,,,,,,,,,,,,,,,,,,,
,ps0007-3,ps00078,,,,,,,65,,,96mmX50yards,,,,,,,,,,,,,,,,,,,,,,,,,,,,,,,,,,,
variation,ps00079,,Double Sided Foam Tape,,Double Sided Foam Tape,"Double sided foam tape is used for various types of adhesive for various applications. It is used in refrigeration, stationery, die-cut, impact preventing material or adheres with advertising sign board and plates and various other applications.",,1,,,,,Double Sided Foam Tape,Double Sided Foam Tape,,https://www.stationerystation.pk/images/products/02-2-4688-618889-070421024901.jpg||https://www.stationerystation.pk/images/products/02-4-4688-618889-070421024902.jpg,,,,,,,,,,,,,,,,,,,,,,,,,,,,,,,
,ps00079-1,ps00079,,,,,,,85,,,24mmX5metres,,,,,,,,,,,,,,,,,,,,,,,,,,,,,,,,,,,
,ps00079-2,ps00079,,,,,,,85,,,48mmX5metres,,,,,,,,,,,,,,,,,,,,,,,,,,,,,,,,,,,
,ps00079-3,ps00079,,,,,,,25,,,24mmX5metres,,,,,,,,,,,,,,,,,,,,,,,,,,,,,,,,,,,
,ps00079-4,ps00079,,,,,,,25,,,48mmX5metres,,,,,,,,,,,,,,,,,,,,,,,,,,,,,,,,,,,
variation,ps00080,,Cross Filament Tape,,Cross Filament Tape,"Cross filament tapes have backing by fiberglass. Provides a tensile strength of 75 Kg / in. These filament packaging tapes are very useful for industrial use and are very strong which do not tear easily by hand and without a cutter. These filament tapes are made from polyester film and glass yarn that are coated with hot melt adhesive or solvent. It is used in heavy duty packaging, extra support, fixing of metallic and wooden parts. Good 75 kg/in tensile strength for light- to medium-duty bundling, reinforcing, and palletizing Specially formulated rubber resin adhesive bonds to fiberboard surfaces, plastic and metal Polypropylene backing provides excellent resistance to nicks, abrasion, moisture, and scuffing Low 3% elongation at break helps keep bundles tight Adhesive bonds with minimal rubdown",,1,,,,,Cross Filament Tape,Cross Filament Tape,,https://m.media-amazon.com/images/I/41VHUsTAEOL.jpg||https://m.media-amazon.com/images/I/31nNhfAA-HL.jpg||https://m.media-amazon.com/images/I/41gAhKg7iDL.jpg,,,,,,,,,,,,,,,,,,,,,,,,,,,,,,,
,ps00080-1,ps00080,,,,,,,110,,,48mmX30yards,,,,,,,,,,,,,,,,,,,,,,,,,,,,,,,,,,,
,ps00080-2,ps00080,,,,,,,175,,,48mmX50yards,,,,,,,,,,,,,,,,,,,,,,,,,,,,,,,,,,,
variation,ps00081,,Cross Filament Tape,,Cross Filament Tape,"Cross filament tapes have backing by fiberglass. Provides a tensile strength of 75 Kg / in. These filament packaging tapes are very useful for industrial use and are very strong which do not tear easily by hand and without a cutter. These filament tapes are made from polyester film and glass yarn that are coated with hot melt adhesive or solvent. It is used in heavy duty packaging, extra support, fixing of metallic and wooden parts. Good 75 kg/in tensile strength for light- to medium-duty bundling, reinforcing, and palletizing Specially formulated rubber resin adhesive bonds to fiberboard surfaces, plastic and metal Polypropylene backing provides excellent resistance to nicks, abrasion, moisture, and scuffing Low 3% elongation at break helps keep bundles tight Adhesive bonds with minimal rubdown",,1,,,,,Cross Filament Tape,Cross Filament Tape,,https://m.media-amazon.com/images/I/41VHUsTAEOL.jpg||https://m.media-amazon.com/images/I/31nNhfAA-HL.jpg||https://m.media-amazon.com/images/I/41gAhKg7iDL.jpg,,,,,,,,,,,,,,,,,,,,,,,,,,,,,,,
,ps00081-1,ps00081,,,,,,,33,,,48mmX30yards,,,,,,,,,,,,,,,,,,,,,,,,,,,,,,,,,,,
,ps00081-2,ps00081,,,,,,,50,,,48mmX50yards,,,,,,,,,,,,,,,,,,,,,,,,,,,,,,,,,,,
variation,ps00082,,Kraft Tape,,Kraft Tape,"Kraft Paper Tape is also known as sticky tape, is a type of pressure-sensitive tape made of thin and easy-to-tear paper, and an easily released pressure-sensitive adhesive. It is available in a variety of widths. It is used mainly in painting, to mask off areas that should not be painted. The adhesive is the key element to its usefulness, as it allows the tape to be easily removed without leaving residue or damaging the surface to which it is applied. The tape is available in several strengths, rated on a 1100 scale based on the strength of the adhesive.",,1,,,,,Kraft Tape,Kraft Tape,,https://m.media-amazon.com/images/I/81O7NkiCGxL._AC_SL1500_.jpg||https://m.media-amazon.com/images/I/81rB+wY2SiL._AC_SL1500_.jpg||https://m.media-amazon.com/images/I/81bxXykg75L._AC_SL1500_.jpg,,,,,,,,,,,,,,,,,,,,,,,,,,,,,,,
,ps00082-1,ps00082,,,,,,,75,,,48mmX30yards,,,,,,,,,,,,,,,,,,,,,,,,,,,,,,,,,,,
,ps00082-2,ps00082,,,,,,,115,,,48mmX50yards,,,,,,,,,,,,,,,,,,,,,,,,,,,,,,,,,,,
,ps00082-3,ps00082,,,,,,,75,,,72mmX30yards,,,,,,,,,,,,,,,,,,,,,,,,,,,,,,,,,,,
,ps00082-4,ps00082,,,,,,,115,,,72mmX50yards,,,,,,,,,,,,,,,,,,,,,,,,,,,,,,,,,,,
variation,ps00083,,Kraft Tape,,Kraft Tape,"Kraft Paper Tape is also known as sticky tape, is a type of pressure-sensitive tape made of thin and easy-to-tear paper, and an easily released pressure-sensitive adhesive. It is available in a variety of widths. It is used mainly in painting, to mask off areas that should not be painted. The adhesive is the key element to its usefulness, as it allows the tape to be easily removed without leaving residue or damaging the surface to which it is applied. The tape is available in several strengths, rated on a 1100 scale based on the strength of the adhesive.",,1,,,,,Kraft Tape,Kraft Tape,,https://m.media-amazon.com/images/I/81O7NkiCGxL._AC_SL1500_.jpg||https://m.media-amazon.com/images/I/81rB+wY2SiL._AC_SL1500_.jpg||https://m.media-amazon.com/images/I/81bxXykg75L._AC_SL1500_.jpg,,,,,,,,,,,,,,,,,,,,,,,,,,,,,,,
,ps00083-1,ps00083,,,,,,,24,,,48mmX30yards,,,,,,,,,,,,,,,,,,,,,,,,,,,,,,,,,,,
,ps00083-2,ps00083,,,,,,,35,,,48mmX50yards,,,,,,,,,,,,,,,,,,,,,,,,,,,,,,,,,,,
variation,ps00084,,Kraft Tape,,Kraft Tape,"Kraft Paper Tape is also known as sticky tape, is a type of pressure-sensitive tape made of thin and easy-to-tear paper, and an easily released pressure-sensitive adhesive. It is available in a variety of widths. It is used mainly in painting, to mask off areas that should not be painted. The adhesive is the key element to its usefulness, as it allows the tape to be easily removed without leaving residue or damaging the surface to which it is applied. The tape is available in several strengths, rated on a 1100 scale based on the strength of the adhesive.",,1,,,,,Kraft Tape,Kraft Tape,,https://m.media-amazon.com/images/I/81O7NkiCGxL._AC_SL1500_.jpg||https://m.media-amazon.com/images/I/81rB+wY2SiL._AC_SL1500_.jpg||https://m.media-amazon.com/images/I/81bxXykg75L._AC_SL1500_.jpg,,,,,,,,,,,,,,,,,,,,,,,,,,,,,,,
,ps00084-1,ps00084,,,,,,,24,,,72mmX30yards,,,,,,,,,,,,,,,,,,,,,,,,,,,,,,,,,,,
,ps00084-2,ps00084,,,,,,,35,,,72mmX50yards,,,,,,,,,,,,,,,,,,,,,,,,,,,,,,,,,,,
variation,ps00085,,PVC Pipe Wrapping Tape - Black,,PVC Pipe Wrapping Tape - Black,"PVC pipe wraping tape composed of soft film with rubber based PSA it is characterised by excellent insulation, good flame retardant properties and excellent resistant to low temperature. This is used a lot by the underground pipe contractor to protect Iron & Steel pipe from corrosion, also used to protect PVC pipe from corrosion due to ultraviolet rays in above the ground installation. This tape is also used in oil field industry to wrap above and underground pipes prevent corrosion due to high methane levels in the soil around oil field.",,1,,,,,PVC Pipe Wrapping Tape - Black,PVC Pipe Wrapping Tape - Black,Tape>Packing Tape>Transparent,https://m.media-amazon.com/images/I/41jRiu2nrWL._AC_.jpg||https://m.media-amazon.com/images/I/91Q8UpOxngL._AC_SL1500_.jpg||https://m.media-amazon.com/images/I/81kyVoqNLmL._AC_SL1500_.jpg,,,,,,,,,,,,,,,,,,,,,,,,,,,,,,,
,ps00085-1,ps00085,,,,,,,110,,,72mmX50Feet,,,,,,,,,,,,,,,,,,,,,,,,,,,,,,,,,,,
,ps00085-2,ps00085,,,,,,,110,,,48mmX50Feet,,,,,,,,,,,,,,,,,,,,,,,,,,,,,,,,,,,
,ps00085-3,ps00085,,,,,,,98,,,48mmX40Feet,,,,,,,,,,,,,,,,,,,,,,,,,,,,,,,,,,,
simple,,,PVC Pipe Wrapping Tape - White,,PVC Pipe Wrapping Tape - White,"PVC pipe wraping tape composed of soft film with rubber based PSA it is characterised by excellent insulation, good flame retardant properties and excellent resistant to low temperature. This is used a lot by the underground pipe contractor to protect Iron & Steel pipe from corrosion, also used to protect PVC pipe from corrosion due to ultraviolet rays in above the ground installation. This tape is also used in oil field industry to wrap above and underground pipes prevent corrosion due to high methane levels in the soil around oil field.",,1,110,,,48mmX50Feet,PVC Pipe Wrapping Tape - White,PVC Pipe Wrapping Tape - White,Tape>Packing Tape>Transparent,https://www.shayaazar.com/uploads/images/5d67b9e920dab377e44927e5f882c939.jpeg,,,,,,,,,,,,,,,,,,,,,,,,,,,,,,,
variation,ps00086,,Stretch Film,,Stretch Film,"Stretch Film is perfect for wrapping boxes, bundling and kitting, moving, packing, pallet wrapping and a wide variety of industrial, commercial or DIY plastic wrapping needs. 18 in Stretch wrap will protect your load from dirt, moisture, water, and other damages caused by the outside environment while still remaining durable and cost effective. Our easy to grip 3 inch core simplifies manual plastic wrapping applications and is compatible with many dispensers for heavy duty hand wrapping.",,1,,,,,Stretch Film,Stretch Film,Protectors>Stretch Film,https://m.media-amazon.com/images/I/51rv+oGg3VL._AC_SL1500_.jpg||https://m.media-amazon.com/images/I/71nD4aEiZ8L._AC_SL1500_.jpg||https://m.media-amazon.com/images/I/51-TwErRQSL._AC_SL1000_.jpg||https://m.media-amazon.com/images/I/41mCSZJy7vL._AC_SL1000_.jpg,,,,,,,,,,,,,,,,,,,,,,,,,,,,,,,
,ps00086-1,ps00086,,,,,,,,,Clear,6,,,,,,,,,,,,,,,,,,,,,,,,,,,,,,,,,,,
,ps00086-2,ps00086,,,,,,,,,Black,6,,,,,,,,,,,,,,,,,,,,,,,,,,,,,,,,,,,
variation,ps00087,,Stretch Film,,Stretch Film,"Stretch Film is perfect for wrapping boxes, bundling and kitting, moving, packing, pallet wrapping and a wide variety of industrial, commercial or DIY plastic wrapping needs. 18 in Stretch wrap will protect your load from dirt, moisture, water, and other damages caused by the outside environment while still remaining durable and cost effective. Our easy to grip 3 inch core simplifies manual plastic wrapping applications and is compatible with many dispensers for heavy duty hand wrapping.",,1,,,,,Stretch Film,Stretch Film,Protectors>Stretch Film,https://m.media-amazon.com/images/I/51rv+oGg3VL._AC_SL1500_.jpg||https://m.media-amazon.com/images/I/71nD4aEiZ8L._AC_SL1500_.jpg||https://m.media-amazon.com/images/I/51-TwErRQSL._AC_SL1000_.jpg||https://m.media-amazon.com/images/I/41mCSZJy7vL._AC_SL1000_.jpg,,,,,,,,,,,,,,,,,,,,,,,,,,,,,,,
,ps00087-1,ps00087,,,,,,,,,Clear,1,,,,,,,,,,,,,,,,,,,,,,,,,,,,,,,,,,,
,ps00087-2,ps00087,,,,,,,,,Black,1,,,,,,,,,,,,,,,,,,,,,,,,,,,,,,,,,,,
variation,ps00088,,POF Shrink Film 15 Micron,,POF Shrink Film 15 Micron,"Multi-layer (POF) Polyolefin Shrink film is clear and transparent, with protective function which can prevent the products appearance from being affected by dust, moisture and strange smell. POF`s shrink rate is so high that it fits for packing the products with all kinds of shapes and sizes. POF with good function of environmental protection, harmless and nonpoisonous, can substitute PVC film, especially used in packing of food, medicine and exports.",,1,,,,,POF Shrink Film 15 Micron,POF Shrink Film 15 Micron,,https://img80002330.weyesimg.com/uploads/kolysen.com/images/15868586273860.png||https://img80002330.weyesimg.com/uploads/kolysen.com/images/15868587562499.jpg||https://img80002330.weyesimg.com/uploads/kolysen.com/images/15868587549577.jpg||https://img80002330.weyesimg.com/uploads/kolysen.com/images/15868587504471.jpg,,,,,,,,,,,,,,,,,,,,,,,,,,,,,,,
,ps00088-1,ps00088,,,,,,,92,,,8 Inches,,,,,,,,,,,,,,,,,,,,,,,,,,,,,,,,,,,
,ps00088-2,ps00088,,,,,,,115,,,10 Inches,,,,,,,,,,,,,,,,,,,,,,,,,,,,,,,,,,,
,ps00088-3,ps00088,,,,,,,138,,,12 Inches,,,,,,,,,,,,,,,,,,,,,,,,,,,,,,,,,,,
,ps00088-4,ps00088,,,,,,,161,,,14 Inches,,,,,,,,,,,,,,,,,,,,,,,,,,,,,,,,,,,
,ps00088-5,ps00088,,,,,,,184,,,16 Inches,,,,,,,,,,,,,,,,,,,,,,,,,,,,,,,,,,,
,ps00088-6,ps00088,,,,,,,207,,,18 Inches,,,,,,,,,,,,,,,,,,,,,,,,,,,,,,,,,,,
,ps00088-7,ps00088,,,,,,,230,,,20 Inches,,,,,,,,,,,,,,,,,,,,,,,,,,,,,,,,,,,
,ps00088-8,ps00088,,,,,,,253,,,22 Inches,,,,,,,,,,,,,,,,,,,,,,,,,,,,,,,,,,,
,ps00088-9,ps00088,,,,,,,276,,,24 Inches,,,,,,,,,,,,,,,,,,,,,,,,,,,,,,,,,,,
,ps00088-10,ps00088,,,,,,,299,,,26 Inches,,,,,,,,,,,,,,,,,,,,,,,,,,,,,,,,,,,
,ps00088-11,ps00088,,,,,,,322,,,28 Inches,,,,,,,,,,,,,,,,,,,,,,,,,,,,,,,,,,,
,ps00088-12,ps00088,,,,,,,345,,,30 Inches,,,,,,,,,,,,,,,,,,,,,,,,,,,,,,,,,,,
,ps00088-13,ps00088,,,,,,,368,,,32 Inches,,,,,,,,,,,,,,,,,,,,,,,,,,,,,,,,,,,
,ps00088-14,ps00088,,,,,,,391,,,34 Inches,,,,,,,,,,,,,,,,,,,,,,,,,,,,,,,,,,,
variation,ps00089,,POF Shrink Film 19 Micron,,POF Shrink Film 19 Micron,"Multi-layer (POF) Polyolefin Shrink film is clear and transparent, with protective function which can prevent the products appearance from being affected by dust, moisture and strange smell. POF`s shrink rate is so high that it fits for packing the products with all kinds of shapes and sizes. POF with good function of environmental protection, harmless and nonpoisonous, can substitute PVC film, especially used in packing of food, medicine and exports.",,1,,,,,POF Shrink Film 19 Micron,POF Shrink Film 19 Micron,,https://img80002330.weyesimg.com/uploads/kolysen.com/images/15868586273860.png||https://img80002330.weyesimg.com/uploads/kolysen.com/images/15868587562499.jpg||https://img80002330.weyesimg.com/uploads/kolysen.com/images/15868587549577.jpg||https://img80002330.weyesimg.com/uploads/kolysen.com/images/15868587504471.jpg,,,,,,,,,,,,,,,,,,,,,,,,,,,,,,,
,ps00089-1,ps00089,,,,,,,92,,,8 Inches,,,,,,,,,,,,,,,,,,,,,,,,,,,,,,,,,,,
,ps00089-2,ps00089,,,,,,,115,,,10 Inches,,,,,,,,,,,,,,,,,,,,,,,,,,,,,,,,,,,
,ps00089-3,ps00089,,,,,,,138,,,12 Inches,,,,,,,,,,,,,,,,,,,,,,,,,,,,,,,,,,,
,ps00089-4,ps00089,,,,,,,161,,,14 Inches,,,,,,,,,,,,,,,,,,,,,,,,,,,,,,,,,,,
,ps00089-5,ps00089,,,,,,,184,,,16 Inches,,,,,,,,,,,,,,,,,,,,,,,,,,,,,,,,,,,
,ps00089-6,ps00089,,,,,,,207,,,18 Inches,,,,,,,,,,,,,,,,,,,,,,,,,,,,,,,,,,,
,ps00089-7,ps00089,,,,,,,230,,,20 Inches,,,,,,,,,,,,,,,,,,,,,,,,,,,,,,,,,,,
,ps00089-8,ps00089,,,,,,,253,,,22 Inches,,,,,,,,,,,,,,,,,,,,,,,,,,,,,,,,,,,
,ps00089-9,ps00089,,,,,,,276,,,24 Inches,,,,,,,,,,,,,,,,,,,,,,,,,,,,,,,,,,,
,ps00089-10,ps00089,,,,,,,299,,,26 Inches,,,,,,,,,,,,,,,,,,,,,,,,,,,,,,,,,,,
,ps00089-11,ps00089,,,,,,,322,,,28 Inches,,,,,,,,,,,,,,,,,,,,,,,,,,,,,,,,,,,
,ps00089-12,ps00089,,,,,,,345,,,30 Inches,,,,,,,,,,,,,,,,,,,,,,,,,,,,,,,,,,,
,ps00089-13,ps00089,,,,,,,368,,,32 Inches,,,,,,,,,,,,,,,,,,,,,,,,,,,,,,,,,,,
,ps00089-14,ps00089,,,,,,,391,,,34 Inches,,,,,,,,,,,,,,,,,,,,,,,,,,,,,,,,,,,
variation,ps00090,,POF Shrink Film 25 Micron,,POF Shrink Film 25 Micron,"Multi-layer (POF) Polyolefin Shrink film is clear and transparent, with protective function which can prevent the products appearance from being affected by dust, moisture and strange smell. POF`s shrink rate is so high that it fits for packing the products with all kinds of shapes and sizes. POF with good function of environmental protection, harmless and nonpoisonous, can substitute PVC film, especially used in packing of food, medicine and exports.",,1,,,,,POF Shrink Film 25 Micron,POF Shrink Film 25 Micron,,https://img80002330.weyesimg.com/uploads/kolysen.com/images/15868586273860.png||https://img80002330.weyesimg.com/uploads/kolysen.com/images/15868587562499.jpg||https://img80002330.weyesimg.com/uploads/kolysen.com/images/15868587549577.jpg||https://img80002330.weyesimg.com/uploads/kolysen.com/images/15868587504471.jpg,,,,,,,,,,,,,,,,,,,,,,,,,,,,,,,
,ps00090-1,ps00090,,,,,,,92,,,8 Inches,,,,,,,,,,,,,,,,,,,,,,,,,,,,,,,,,,,
,ps00090-2,ps00090,,,,,,,115,,,10 Inches,,,,,,,,,,,,,,,,,,,,,,,,,,,,,,,,,,,
,ps00090-3,ps00090,,,,,,,138,,,12 Inches,,,,,,,,,,,,,,,,,,,,,,,,,,,,,,,,,,,
,ps00090-4,ps00090,,,,,,,161,,,14 Inches,,,,,,,,,,,,,,,,,,,,,,,,,,,,,,,,,,,
,ps00090-5,ps00090,,,,,,,184,,,16 Inches,,,,,,,,,,,,,,,,,,,,,,,,,,,,,,,,,,,
,ps00090-6,ps00090,,,,,,,207,,,18 Inches,,,,,,,,,,,,,,,,,,,,,,,,,,,,,,,,,,,
,ps00090-7,ps00090,,,,,,,230,,,20 Inches,,,,,,,,,,,,,,,,,,,,,,,,,,,,,,,,,,,
,ps00090-8,ps00090,,,,,,,253,,,22 Inches,,,,,,,,,,,,,,,,,,,,,,,,,,,,,,,,,,,
,ps00090-9,ps00090,,,,,,,276,,,24 Inches,,,,,,,,,,,,,,,,,,,,,,,,,,,,,,,,,,,
,ps00090-10,ps00090,,,,,,,299,,,26 Inches,,,,,,,,,,,,,,,,,,,,,,,,,,,,,,,,,,,
,ps00090-11,ps00090,,,,,,,322,,,28 Inches,,,,,,,,,,,,,,,,,,,,,,,,,,,,,,,,,,,
,ps00090-12,ps00090,,,,,,,345,,,30 Inches,,,,,,,,,,,,,,,,,,,,,,,,,,,,,,,,,,,
,ps00090-13,ps00090,,,,,,,368,,,32 Inches,,,,,,,,,,,,,,,,,,,,,,,,,,,,,,,,,,,
,ps00090-14,ps00090,,,,,,,391,,,34 Inches,,,,,,,,,,,,,,,,,,,,,,,,,,,,,,,,,,,
variation,ps00091,,POF Shrink Film 30 Micron,,POF Shrink Film 30 Micron,"Multi-layer (POF) Polyolefin Shrink film is clear and transparent, with protective function which can prevent the products appearance from being affected by dust, moisture and strange smell. POF`s shrink rate is so high that it fits for packing the products with all kinds of shapes and sizes. POF with good function of environmental protection, harmless and nonpoisonous, can substitute PVC film, especially used in packing of food, medicine and exports.",,1,,,,,POF Shrink Film 30 Micron,POF Shrink Film 30 Micron,,https://img80002330.weyesimg.com/uploads/kolysen.com/images/15868586273860.png||https://img80002330.weyesimg.com/uploads/kolysen.com/images/15868587562499.jpg||https://img80002330.weyesimg.com/uploads/kolysen.com/images/15868587549577.jpg||https://img80002330.weyesimg.com/uploads/kolysen.com/images/15868587504471.jpg,,,,,,,,,,,,,,,,,,,,,,,,,,,,,,,
,ps00091-1,ps00091,,,,,,,92,,,8 Inches,,,,,,,,,,,,,,,,,,,,,,,,,,,,,,,,,,,
,ps00091-2,ps00091,,,,,,,115,,,10 Inches,,,,,,,,,,,,,,,,,,,,,,,,,,,,,,,,,,,
,ps00091-3,ps00091,,,,,,,138,,,12 Inches,,,,,,,,,,,,,,,,,,,,,,,,,,,,,,,,,,,
,ps00091-4,ps00091,,,,,,,161,,,14 Inches,,,,,,,,,,,,,,,,,,,,,,,,,,,,,,,,,,,
,ps00091-5,ps00091,,,,,,,184,,,16 Inches,,,,,,,,,,,,,,,,,,,,,,,,,,,,,,,,,,,
,ps00091-6,ps00091,,,,,,,207,,,18 Inches,,,,,,,,,,,,,,,,,,,,,,,,,,,,,,,,,,,
,ps00091-7,ps00091,,,,,,,230,,,20 Inches,,,,,,,,,,,,,,,,,,,,,,,,,,,,,,,,,,,
,ps00091-8,ps00091,,,,,,,253,,,22 Inches,,,,,,,,,,,,,,,,,,,,,,,,,,,,,,,,,,,
,ps00091-9,ps00091,,,,,,,276,,,24 Inches,,,,,,,,,,,,,,,,,,,,,,,,,,,,,,,,,,,
,ps00091-10,ps00091,,,,,,,299,,,26 Inches,,,,,,,,,,,,,,,,,,,,,,,,,,,,,,,,,,,
,ps00091-11,ps00091,,,,,,,322,,,28 Inches,,,,,,,,,,,,,,,,,,,,,,,,,,,,,,,,,,,
,ps00091-12,ps00091,,,,,,,345,,,30 Inches,,,,,,,,,,,,,,,,,,,,,,,,,,,,,,,,,,,
,ps00091-13,ps00091,,,,,,,368,,,32 Inches,,,,,,,,,,,,,,,,,,,,,,,,,,,,,,,,,,,
,ps00091-14,ps00091,,,,,,,391,,,34 Inches,,,,,,,,,,,,,,,,,,,,,,,,,,,,,,,,,,,
variation,ps00092,,Steel Strap,,Steel Strap,Each roll of our steel strapping is painted and waxed making it ideal to use with our strapping tools and strapping seals.Each roll of steel banding is sold separately but can be purchased at a discount when buying by the pallet.,,1,,,,,Steel Strap,Steel Strap,,https://5.imimg.com/data5/PT/RU/MY-1592341/steel-strappings-500x500.jpg,,,,,,,,,,,,,,,,,,,,,,,,,,,,,,,
,ps00092-1,ps00092,,,,,,,290,,,12mm,,,,,,,,,,,,,,,,,,,,,,,,,,,,,,,,,,,
,ps00092-2,ps00092,,,,,,,290,,,16mm,,,,,,,,,,,,,,,,,,,,,,,,,,,,,,,,,,,
,ps00092-3,ps00092,,,,,,,290,,,19mm,,,,,,,,,,,,,,,,,,,,,,,,,,,,,,,,,,,
variation,ps00093,,PP Strap,,PP Strap,"PP Strap Roll is known as Bailing hoops and PP Strapping tape. It uses polypropylene (PP) as the main raw material (lightweight plastic material) for production, is a modern strapping band. Our Products can be used on different packaging machines, such as Semi-automatic, Fully Automatic & Manual Baler.",,1,,,,,PP Strap,PP Strap,,https://cdn.shopify.com/s/files/1/2618/8176/products/polypropylene-strapping-smooth-black_ae81bf98-f748-4958-b9e2-72514da0b7b7_2000x.jpg,,,,,,,,,,,,,,,,,,,,,,,,,,,,,,,
,ps00093-1,ps00093,,,,,,,42,,,9mm,,,,,,,,,,,,,,,,,,,,,,,,,,,,,,,,,,,
,ps00093-2,ps00093,,,,,,,45,,,15mm,,,,,,,,,,,,,,,,,,,,,,,,,,,,,,,,,,,
variation,ps00094,,Corrugated Roll 1.3m,,Corrugated Roll 1.3m,"<p>Corrugated Roll 1.3m widely used for various purposes in residential & industrial sector, Mainly used as packaging Material to Protect the products.</p>
<p>Single-wall corrugated box styles vary in material strength and durability. This can be tested with Edge Crush Test (ECT). Typically, however, single-wall corrugated boxes can carry weights from 23 ECT to up to 56 ECT. In other words, very light and weaker single-wall corrugated boxes can hold up to 20 lbs, in the minimum.</p>
<p>Because there is at least two walls of corrugated sheets in this style of corrugated box, double-wall, and triple-wall boxes are of course more durable. The downside to this, if applicable, is that the box is less flexible (which may be necessary for certain products). These two corrugated boxes are ideal for shipping and storage, as they are quite durable and can withstand regular wear and tear. Double-wall ECT is between 40 and 85.</p>",,1,,,,,Corrugated Roll 1.3m,Corrugated Roll 1.3m,,https://duboxx.ae/productFiles/images/duboxx_2903180820_corrugated-paper-roll-full-01_9b04963b0519bb8c3d863f38c13e979f.jpg,,,,,,,,,,,,,,,,,,,,,,,,,,,,,,,
,ps00094-1,ps00094,,,,,,,40,,,12kg,,,,,,,,,,,,,,,,,,,,,,,,,,,,,,,,,,,
,ps00094-2,ps00094,,,,,,,75,,,25kg,,,,,,,,,,,,,,,,,,,,,,,,,,,,,,,,,,,
variation,ps00095,,Bubble Roll 1.5metres,,Bubble Roll 1.5metres,"Bubble Wrap gives the perfect solution for protecting valuable and fragile items through posting & mailing, packaging, storage and transit.Bubble wrap offers excellent protection for small items and interleaving. The bubbles form a protective cushion around your product.Bubble wrap rolls are wound on a cardboard core for easy dispensing.",,1,,,,,Bubble Roll 1.5metres,Bubble Roll 1.5metres,,https://m.media-amazon.com/images/I/611Tn6RA2rL._AC_SL1000_.jpg,,,,,,,,,,,,,,,,,,,,,,,,,,,,,,,
,ps00095-1,ps00095,,,,,,,50,,,6kg,,,,,,,,,,,,,,,,,,,,,,,,,,,,,,,,,,,
,ps00095-2,ps00095,,,,,,,60,,,7kg,,,,,,,,,,,,,,,,,,,,,,,,,,,,,,,,,,,
,,,,,,,,,,,,,,,,,,,,,,,,,,,,,,,,,,,,,,,,,,,,,,,
,,,,,,,,,,,,,,,,,,,,,,,,,,,,,,,,,,,,,,,,,,,,,,,
,,,,,,,,,,,,,,,,,,,,,,,,,,,,,,,,,,,,,,,,,,,,,,,
