Type,Sku,Name/Product Title,Manufacture Name,Short Description,Description,Part Number,_tni_model,In stock,Regular Price,Special Price,_supplier_name,_supplier_price,product_code,pcs,tag,color,size,Focus Keyword,Meta _Description,Categories,Images,Features_1,Features_2,Features_3,Features_4,Features_5,Features_6,Features_7,Features_8,Features_9,Features_10,specification_1,specification_2,specification_3,specification_4,specification_5,specification_6,specification_7,specification_8,specification_9,specification_10,specification_11,specification_12,specification_13,specification_14,specification_15,specification_16,specification_17,specification_18,specification_19,specification_20,wpbm_choose_badge
,pack-10-0002,"Al Bayader - Croissants Paper Bag, 14+7x21cm (For 6 Croissants) - 1000 pcs",ALBAYADER,"Al Bayader - Croissants Paper Bag, 14+7x21cm (For 6 Croissants) - 1000 pcs","Al Bayader International paper bag is safe, strong and economical food serving alternatives for fast food, cafeterias, and catering services. These eco-friendly bag is disposable and is perfect for storing hot or cold. Environmentally friendly material.",,044C06,1,86.25,,Al Bayader,75,,,,,,Croissants Paper Bag,E-commerce Mailer Box  -XXSmall -18 x 15 x 4.5 CM - Brown -,Bags > All Specialty Bags > Cookie Bags,/al-bayader-croissants-paper-bag-14-+-7-x-21cm-(for-6-croissants)-1000-pcs-1.jpg,Environmentally friendly material,Printed Paper bags,Wrap and carry bags,,,,,,,,Brand Name: Al Bayader,Dimensions: 14+7x21cm,Packing/Carton: 1000 Pcs,Material: Paper,,,Model: 044C06,,,,,,,,,,,,,,
,pack-10-0003,"Al Bayader - Croissants Paper Bag, 18+8x27cm (For 12 Croissants) - 1000 pcs",ALBAYADER,"Al Bayader - Croissants Paper Bag, 18+8x27cm (For 12 Croissants) - 1000 pcs","Al Bayader International paper bag is safe, strong and economical food serving alternatives for fast food, cafeterias, and catering services. These eco-friendly bag is disposable and is perfect for storing hot or cold. Environmentally friendly material.",,044C12,1,109.25,,Al Bayader,95,,,,,,Croissants Paper Bag,,Bags > All Specialty Bags > Cookie Bags,/al-bayader-croissants-paper-bag-18-+-8-x-27cm-(for-12- croissants)-1000-pcs-1.jpg,Environmentally friendly material,Printed Paper bags,Wrap and carry bags,,,,,,,,Brand Name: Al Bayader,Dimensions: 18+8x27cm,Packing/Carton: 1000 Pcs,Material: Paper,,,Model: 044C12,,,,,,,,,,,,,,
,pack-10-0004,"Al Bayader - Disposable Latex Gloves, Large - 100pcs x 10pkts",ALBAYADER,"Al Bayader - Disposable Latex Gloves, Large - 100pcs x 10pkts","Al Bayader International? Disposable Latex Gloves are dusted with a light powder coating to facilitate putting them on and taking them off. Designed for total touch sensitivity, these gloves are made from soft stretch material sculpt themselves to the shape of your hands.",,073LGL,1,126.5,,Al Bayader,110,,,,,,Disposable Latex Gloves,,Hygiene and Protection > Gloves,"/al-bayader-disposable-latex-gloves-large-100pcs-x-10pkts-1.jpg,/al-bayader-disposable-latex-gloves-large-100pcs-x-10pkts-2.jpg,/al-bayader-disposable-latex-gloves-large- 100pcs-x-10pkts-3.jpg",Extremely elastic and resistant to tearing,Disposable gloves,Comfortable & and provides good fit,,,,,,,,Brand Name: Al Bayader,Material: Latex,Size: Large,Color: White,No. of pcs in one pack: 100,No. of packs in one carton: 10,Model: 073LGL,,,,,,,,,,,,,,
,pack-10-0005,"Al Bayader - Disposable Latex Gloves, Medium - 100pcs x 10pkts",ALBAYADER,"Al Bayader - Disposable Latex Gloves, Medium - 100pcs x 10pkts","Al Bayader International? Disposable Latex Gloves are dusted with a light powder coating to facilitate putting them on and taking them off. Designed for total touch sensitivity, these gloves are made from soft stretch material sculpt themselves to the shape of your hands.",,073LGM,1,126.5,,Al Bayader,110,,,,,,Disposable Latex Gloves,,Hygiene and Protection > Gloves,"/al-bayader-disposable-latex-gloves-medium-100pcs-x-10pkts-1.jpg,/al-bayader-disposable-latex-gloves-medium-100pcs-x-10pkts-2.jpg,/al-bayader-disposable-latex- gloves-medium-100pcs-x-10pkts-3.jpg",Extremely elastic and resistant to tearing,Disposable gloves,Comfortable & and provides good fit,,,,,,,,Brand Name: Al Bayader,Material: Latex,Size: Medium,Color: White,No. of pcs in one pack: 100,No. of packs in one carton: 10,Model: 073LGM,,,,,,,,,,,,,,
,pack-10-0006,"Al Bayader - Disposable Latex Gloves, Small - 100pcs x 10pkts",ALBAYADER,"Al Bayader - Disposable Latex Gloves, Small - 100pcs x 10pkts","Al Bayader International? Disposable Latex Gloves are dusted with a light powder coating to facilitate putting them on and taking them off. Designed for total touch sensitivity, these gloves are made from soft stretch material sculpt themselves to the shape of your hands.",,073LGS,1,126.5,,Al Bayader,110,,,,,,Disposable Latex Gloves,,Hygiene and Protection > Gloves,"/al-bayader-disposable-latex-gloves-small-100pcs-x-10pkts-1.jpg,/al-bayader-disposable-latex-gloves-small-100pcs-x-10pkts-2.jpg,/al-bayader-disposable-latex-gloves-small-100pcs-x-10pkts-3.jpg",Extremely elastic and resistant to tearing,Disposable gloves,Comfortable & and provides good fit,,,,,,,,Brand Name: Al Bayader,Material: Latex,Size: Small,Color: White,No. of pcs in one pack: 100,No. of packs in one carton: 10,Model: 073LGS,,,,,,,,,,,,,,
,pack-10-0007,"Al Bayader - Disposable Latex Powder Free Gloves, Large - 100pcs x 10pkts",ALBAYADER,"Al Bayader - Disposable Latex Powder Free Gloves, Large - 100pcs x 10pkts","Al Bayader International disposable latex powerder free gloves are made of high quality and with maximum absorbency. This is perfect for food service and handling food, which promotes hygiene at home. Gloves are made of high quality material and does not tear fast. Environmentally friendly, making it a responsible choice for your business.",,073LGL-PF,1,138,,Al Bayader,120,,,,,,Disposable Latex Gloves,,Hygiene and Protection > Gloves,"/al-bayader-disposable-latex-powder-free-gloves-large-100pcs-x-10pkts-1.jpg,/al-bayader-disposable-latex-powder-free-gloves-large-100pcs-x-10pkts-2.jpg,/al-bayader-disposable-latex-powder-free-gloves-large-100pcs-x-10pkts-3.jpg",High quality durable material used for packaging which keeps the shipment safe and sturdy,Powder Free gloves,Gloves are made of high quality material and does not tear fast,,,,,,,,Brand Name: Al Bayader,Material: Latex,Size: Large,Color: White,No. of pcs in one pack: 100,No. of packs in one carton: 10,Model: 073LGL-PF,,,,,,,,,,,,,,
,pack-10-0008,"Al Bayader - Disposable Latex Powerder Free Gloves, Medium - 100pcs x 10pkts",ALBAYADER,"Al Bayader - Disposable Latex Powerder Free Gloves, Medium - 100pcs x 10pkts","Al Bayader International disposable latex powerder free gloves are made of high quality and with maximum absorbency. This is perfect for food service and handling food, which promotes hygiene at home. Gloves are made of high quality material and does not tear fast. Environmentally friendly, making it a responsible choice for your business.",,073LGM-PF,1,138,,Al Bayader,120,,,,,,Disposable Latex Gloves,,Hygiene and Protection > Gloves,"/al-bayader-disposable-latex-powder-free-gloves-medium-100pcs-x-10pkts-1.jpg,/al-bayader-disposable-latex-powder-free-gloves-medium-100pcs-x-10pkts-2.jpg,/al-bayader-disposable-latex-powder-free-gloves-medium-100pcs-x-10pkts-3.jpg",High quality durable material used for packaging which keeps the shipment safe and sturdy,Powder Free gloves,Gloves are made of high quality material and does not tear fast,,,,,,,,Brand Name: Al Bayader,Material: Latex,Size: Medium,Color: White,No. of pcs in one pack: 100,No. of packs in one carton: 10,Model: 073LGM-PF,,,,,,,,,,,,,,
,pack-10-0009,"Bcleen - Disposable Latex Powder Free Medical Gloves, Large - 100pcs x 10pkts",Bcleen,"Bcleen - Disposable Latex Powder Free Medical Gloves, Large - 100pcs x 10pkts","Bcleen? Medical Examination Latex Gloves offer reliable protection against cross-contaminants. They are powder-free and fit either hand perfectly. Designed for total touch sensitivity, these gloves are made from soft stretch material, sculpt themselves to the shape of your hands.",,073LMGL-PF,1,149.5,,Bcleen,130,,,,,,Medical gloves,,Hygiene and Protection > Gloves,"/bcleen-disposable-latex-powder-free-medical-gloves-large-100pcs-x-10pkts-1.jpg,/bcleen-disposable-latex-powder-free-medical-gloves-large-100pcs-x-10pkts-2.jpg,/bcleen-disposable-latex-powder-free-medical-gloves-large-100pcs-x-10pkts-3.jpg",Gloves that are powder-free reduce the cause of allergies,High anti tear properties,Comfortable to wear for long time and does not leave residue,,,,,,,,Brand Name: Bcleen,Material: Latex,Size: Large,,,,Model: 073LMGL-PF,,,,,,,,,,,,,,
,pack-10-0010,"Bcleen - Disposable Latex Powder Free Medical Gloves, Medium - 100pcs x 10pkts",Bcleen,"Bcleen - Disposable Latex Powder Free Medical Gloves, Medium - 100pcs x 10pkts","Bcleen? Medical Examination Latex Gloves offer reliable protection against cross-contaminants. They are powder-free and fit either hand perfectly. Designed for total touch sensitivity, these gloves are made from soft stretch material, sculpt themselves to the shape of your hands.",,073LMGM-PF,1,149.5,,Bcleen,130,,,,,,Medical gloves,,Hygiene and Protection > Gloves,"/bcleen-disposable-latex-powder-free-medical-gloves-medium-100pcs-x-10pkts-1.jpg,/bcleen-disposable-latex-powder-free-medical-gloves-medium-100pcs-x-10pkts-2.jpg,/bcleen-disposable-latex-powder-free-medical-gloves-medium-100pcs-x-10pkts-3.jpg",Gloves that are powder-free reduce the cause of allergies,High anti tear properties,Comfortable to wear for long time and does not leave residue,,,,,,,,Brand Name: Bcleen,Material: Latex,Size: Medium,,,,Model: 073LMGM-PF,,,,,,,,,,,,,,
,pack-10-0011,"Bcleen - Powder Free Disposable Latex Medical Gloves, Small - 100pcs x 10pkts",Bcleen,"Bcleen - Powder free Disposable Latex Medical Gloves, Small - 100pcs x 10pkts","Bcleen? Medical Examination Latex Gloves offer reliable protection against cross-contaminants. They are powder-free and fit either hand perfectly. Designed for total touch sensitivity, these gloves are made from soft stretch material, sculpt themselves to the shape of your hands.",,073LMGS-PF,1,149.5,,Bcleen,130,,,,,,Medical gloves,,Hygiene and Protection > Gloves,"/bcleen-powder-free-disposable-latex-medical-gloves-small-100pcs-x-10pkts-1.jpg,/bcleen-powder-free-disposable-latex-medical-gloves-small-100pcs-x-10pkts-2.jpg,/bcleen-powder-free-disposable-latex-medical-gloves-small-100pcs-x-10pkts-3.jpg",Gloves that are powder-free reduce the cause of allergies,High anti tear properties,Comfortable to wear for long time and does not leave residue,,,,,,,,Brand Name: Bcleen,Material: Latex,Size: Small,,,,Model: 073LMGS-PF,,,,,,,,,,,,,,
,pack-10-0012,Bcleen - Small Vinyl Gloves for Medical Examination Powder Free,Bcleen,Bcleen - Small Vinyl Gloves for Medical Examination Powder Free,"Bcleen Medical Examination Vinyl Gloves offer reliable protection against cross-contaminants. They are powder-free and fit either hand perfectly. Designed for total touch sensitivity, these gloves are made from soft stretch material, sculpt themselves to the shape of your hands.",,073VMEGS-PF,1,92,,Bcleen,80,,,,,,Medical gloves,,Hygiene and Protection > Gloves,"/bcleen-small-vinyl-gloves-for-medical-examination-powder-free-1.jpg,/bcleen-small-vinyl-gloves-for-medical-examination-powder-free-2.jpg,/bcleen-small-vinyl-gloves-for-medical-examination-powder-free-3.jpg","Disposable does not mean non-durable, each Bcleen disposable vinyl glove has been checked to ensure the highest quality and maximum durability","Our non-powdered vinyl gloves can be donned and disposed easily, and they are highly comfortable for long-term wear",Allergic to latex gloves? Switch to our low-cost vinyl gloves that have been chemically treated to enhance user comfort and reduce the risk of allergies,"The high-quality Bcleen vinyl gloves are perfect for food handling, painting, medical examinations, beauty and salon use",,,,,,,Brand Name: Bcleen,Size: Small,Material: Vinyl,,,,Model: 073VMEGS-PF,,,,,,,,,,,,,,
,pack-10-0013,Bcleen - Medium Vinyl Gloves for Medical Examination Powder Free,Bcleen,Bcleen - Medium Vinyl Gloves for Medical Examination Powder Free,"Bcleen Medical Examination Vinyl Gloves offer reliable protection against cross-contaminants. They are powder-free and fit either hand perfectly. Designed for total touch sensitivity, these gloves are made from soft stretch material, sculpt themselves to the shape of your hands.",,073VMEGM-PF,1,92,,Bcleen,80,,,,,,Medical gloves,,Hygiene and Protection > Gloves,"/bcleen-medium-vinyl-gloves-for-medical-examination-powder-free-1.jpg,/bcleen-medium-vinyl-gloves-for-medical-examination-powder-free-2.jpg,/bcleen-medium-vinyl-gloves-for-medical-examination-powder-free-3.jpg","Disposable does not mean non-durable, each Bcleen disposable vinyl glove has been checked to ensure the highest quality and maximum durability","Our non-powdered vinyl gloves can be donned and disposed easily, and they are highly comfortable for long-term wear",Allergic to latex gloves? Switch to our low-cost vinyl gloves that have been chemically treated to enhance user comfort and reduce the risk of allergies,"The high-quality Bcleen vinyl gloves are perfect for food handling, painting, medical examinations, beauty and salon use",,,,,,,Brand Name: Bcleen,Size: Medium,Material: Vinyl,,,,Model: 073VMEGM-PF,,,,,,,,,,,,,,
,pack-10-0014,Bcleen - Large Vinyl Medical Gloves Powder Free,Bcleen,Bcleen - Large Vinyl Medical Gloves Powder Free,"Bcleen Medical Examination Vinyl Gloves offer reliable protection against cross-contaminants. They are powder-free and fit either hand perfectly. Designed for total touch sensitivity, these gloves are made from soft stretch material, sculpt themselves to the shape of your hands.",,073VMEGL-PF,1,92,,Bcleen,80,,,,,,Medical gloves,,Hygiene and Protection > Gloves,"/bcleen-large-vinyl-medical-gloves-powder-free-1.jpg,/bcleen-large-vinyl-medical-gloves-powder-free-2.jpg,/bcleen-large-vinyl-medical-gloves-powder-free-3.jpg","Disposable does not mean non-durable, each Bcleen disposable vinyl glove has been checked to ensure the highest quality and maximum durability","Our non-powdered vinyl gloves can be donned and disposed easily, and they are highly comfortable for long-term wear",Allergic to latex gloves? Switch to our low-cost vinyl gloves that have been chemically treated to enhance user comfort and reduce the risk of allergies,"The high-quality Bcleen vinyl gloves are perfect for food handling, painting, medical examinations, beauty and salon use",,,,,,,Brand Name: Bcleen,Size: Large,Material: Vinyl,,,,Model: 073VMEGL-PF,,,,,,,,,,,,,,
,pack-10-0015,Bcleen - Powder Free Vinyl Medical Gloves - X-Large,Bcleen,Bcleen - Powder Free Vinyl Medical Gloves - X-Large,"Bcleen Medical Examination Vinyl Gloves offer reliable protection against cross-contaminants. They are powder-free and fit either hand perfectly. Designed for total touch sensitivity, these gloves are made from soft stretch material, sculpt themselves to the shape of your hands.",,073VMEGXL-PF,1,92,,Bcleen,80,,,,,,Medical gloves,,Hygiene and Protection > Gloves,"/bcleen-powder-free-vinyl-medical-gloves-x-large-1.jpg,/bcleen-powder-free-vinyl-medical-gloves-x-large-2.jpg,/bcleen-powder-free-vinyl-medical-gloves-x-large-3.jpg","Disposable does not mean non-durable, each Bcleen disposable vinyl glove has been checked to ensure the highest quality and maximum durability","Our non-powdered vinyl gloves can be donned and disposed easily, and they are highly comfortable for long-term wear",Allergic to latex gloves? Switch to our low-cost vinyl gloves that have been chemically treated to enhance user comfort and reduce the risk of allergies,"The high-quality Bcleen vinyl gloves are perfect for food handling, painting, medical examinations, beauty and salon use",,,,,,,Brand Name: Bcleen,Size: X-Large,Material: Vinyl,,,,Model: 073VMEGXL-PF,,,,,,,,,,,,,,
,pack-10-0016,Al Bayader - Large Disposable Vinyl Gloves - 100pcs x 10pkts,ALBAYADER,Al Bayader - Large Disposable Vinyl Gloves - 100pcs x 10pkts,"Al Bayader International disposable vinyl gloves are dusted with a light powder coating to facilitate putting them on and taking them off. Designed for total touch sensitivity, these gloves are made from soft stretch material sculpt themselves to the shape of your hands.",,073VGL,1,86.25,,Al Bayader,75,,,,,,Vinyl Gloves,,Hygiene and Protection > Gloves,"/al-bayader-large-disposable-vinyl-gloves-100pcs-x-10pkts-1.jpg,/al-bayader-large-disposable-vinyl-gloves-100pcs-x-10pkts-2.jpg,/al-bayader-large-disposable-vinyl-gloves-100pcs-x-10pkts-3.jpg",Strong construction for comfort and dexterity,Resistant to most household,Chemicals and an alternative for latex allergy,Excellent fit for comfort sensitivity & safety,,,,,,,Brand Name: Al Bayader,Size: Large,Material: Vinyl,,,,Model: 073VGL,,,,,,,,,,,,,,
,pack-10-0017,"Al Bayader - Disposable Vinyl Gloves, Medium - 100pcs x 10pkts",ALBAYADER,"Al Bayader - Disposable Vinyl Gloves, Medium - 100pcs x 10pkts","Al Bayader International disposable vinyl gloves are dusted with a light powder coating to facilitate putting them on and taking them off. Designed for total touch sensitivity, these gloves are made from soft stretch material sculpt themselves to the shape of your hands.",,073VGM,1,86.25,,Al Bayader,75,,,,,,Vinyl Gloves,,Hygiene and Protection > Gloves,"/al-bayader-disposable-vinyl-gloves-medium-100pcs-x-10pkts-1.jpg,/al-bayader-disposable-vinyl-gloves-medium-100pcs-x-10pkts-2.jpg,/al-bayader-disposable-vinyl-gloves-medium-100pcs-x-10pkts-3.jpg",Strong construction for comfort and dexterity,Resistant to most household,Chemicals and an alternative for latex allergy,Excellent fit for comfort sensitivity & safety,,,,,,,Brand Name: Al Bayader,Size: Medium,Material: Vinyl,,,,Model: 073VGM,,,,,,,,,,,,,,
,pack-10-0018,"Al Bayader - Disposable Vinyl Gloves, Small - 100pcs x 10pkts",ALBAYADER,"Al Bayader - Disposable Vinyl Gloves, Small - 100pcs x 10pkts","Al Bayader International disposable vinyl gloves are dusted with a light powder coating to facilitate putting them on and taking them off. Designed for total touch sensitivity, these gloves are made from soft stretch material sculpt themselves to the shape of your hands.",,073VGS,1,86.25,,Al Bayader,75,,,,,,Vinyl Gloves,,Hygiene and Protection > Gloves,"/al-bayader-disposable-vinyl-gloves-small-100pcs-x-10pkts-1.jpg,/al-bayader-disposable-vinyl-gloves-small-100pcs-x-10pkts-2.jpg,/al-bayader-disposable-vinyl-gloves-small-100pcs-x-10pkts-3.jpg",Strong construction for comfort and dexterity,Resistant to most household,Chemicals and an alternative for latex allergy,Excellent fit for comfort sensitivity & safety,,,,,,,Brand Name: Al Bayader,Size: Small,Material: Vinyl,,,,Model: 073VGS,,,,,,,,,,,,,,
,pack-10-0019,"Al Bayader - Disposable Blue Vinyl Gloves Powder Free, Large - 100pcs x 10pkts",ALBAYADER,"Al Bayader - Disposable Blue Vinyl Gloves Powder Free, Large - 100pcs x 10pkts","They are powder-free and fit either hand perfectly. Designed for total touch sensitivity, these gloves are made from soft stretch material, sculpt themselves to the shape of your hands.",,073VGBL-PF,1,92,,Al Bayader,80,,,,,,Vinyl Gloves,,Hygiene and Protection > Gloves,"/al-bayader-disposable-blue-vinyl-gloves-powder-free-large-100pcs-x-10pkts-1.jpg,/al-bayader-disposable-blue-vinyl-gloves-powder-free-large-100pcs-x-10pkts-2.jpg,/al-bayader-disposable-blue-vinyl-gloves-powder-free-large-100pcs-x-10pkts-3.jpg",High quality durable material used for packaging which keeps the shipment safe and sturdy,Powder Free gloves,Gloves are made of high quality material and does not tear fast,,,,,,,,Brand Name: Al Bayader,Size: Large,Material: Vinyl,Color: Blue,,,Model: 073VGBL-PF,,,,,,,,,,,,,,
,pack-10-0020,"Al Bayader - Disposable Blue Vinyl Gloves Powder Free, Medium - 100pcs x 10pkts",ALBAYADER,"Al Bayader - Disposable Blue Vinyl Gloves Powder Free, Medium - 100pcs x 10pkts","They are powder-free and fit either hand perfectly. Designed for total touch sensitivity, these gloves are made from soft stretch material, sculpt themselves to the shape of your hands.",,073VGBM-PF,1,92,,Al Bayader,80,,,,,,Vinyl Gloves,,Hygiene and Protection > Gloves,"/al-bayader-disposable-blue-vinyl-gloves-powder-free-medium-100pcs-x-10pkts-1.jpg,/al-bayader-disposable-blue-vinyl-gloves-powder-free-medium-100pcs-x-10pkts-2.jpg,/al-bayader-disposable-blue-vinyl-gloves-powder-free-medium-100pcs-x-10pkts-3.jpg",High quality durable material used for packaging which keeps the shipment safe and sturdy,Powder Free gloves,Gloves are made of high quality material and does not tear fast,,,,,,,,Brand Name: Al Bayader,Size: Medium,Material: Vinyl,Color: Blue,,,Model: 073VGBM-PF,,,,,,,,,,,,,,
,pack-10-0021,"Al Bayader - Powder Free Disposable Vinyl Gloves, Large - 100pcs x 10pkts",ALBAYADER,"Al Bayader - Powder Free Disposable Vinyl Gloves, Large - 100pcs x 10pkts","They are powder-free and fit either hand perfectly. Designed for total touch sensitivity, these gloves are made from soft stretch material, sculpt themselves to the shape of your hands.",,073VGL-PF,1,86.25,,Al Bayader,75,,,,,,Vinyl Gloves,,Hygiene and Protection > Gloves,"/al-bayader-powder-free-disposable-vinyl-gloves-large-100pcs-x-10pkts-1.jpg,/al-bayader-powder-free-disposable-vinyl-gloves-large-100pcs-x-10pkts-2.jpg,/al-bayader-powder-free-disposable-vinyl-gloves-large-100pcs-x-10pkts-3.jpg",High quality durable material used for packaging which keeps the shipment safe and sturdy,Powder Free gloves,Gloves are made of high quality material and does not tear fast,,,,,,,,Brand Name: Al Bayader,Size: Large,Material: Vinyl,,,,Model: 073VGL-PF,,,,,,,,,,,,,,
,pack-10-0022,"Al Bayader - Medium Vinyl Gloves Powder Free, Medium -100pcs x 10pkts",ALBAYADER,"Al Bayader - Medium Vinyl Gloves Powder Free, Medium -100pcs x 10pkts","They are powder-free and fit either hand perfectly. Designed for total touch sensitivity, these gloves are made from soft stretch material, sculpt themselves to the shape of your hands.",,073VGM-PF,1,86.25,,Al Bayader,75,,,,,,Vinyl Gloves,,Hygiene and Protection > Gloves,"/al-bayader-medium-vinyl-gloves-powder-free-100pcs-x-10pkts-1.jpg,/al-bayader-medium-vinyl-gloves-powder-free-100pcs-x-10pkts-2.jpg,/al-bayader-medium-vinyl-gloves-powder-free-100pcs-x-10pkts-3.jpg",High quality durable material used for packaging which keeps the shipment safe and sturdy,Powder Free gloves,Gloves are made of high quality material and does not tear fast,,,,,,,,Brand Name: Al Bayader,Size: Medium,Material: Vinyl,,,,Model: 073VGM-PF,,,,,,,,,,,,,,
,pack-10-0023,"Al Bayader - Disposable HDPE Gloves, Clear Embossed - 100pcs x 100pkts",ALBAYADER,"Al Bayader - Disposable HDPE Gloves, Clear Embossed - 100pcs x 100pkts","Disposable gloves with powder are easy to wear and remove as the powder helps to absorb the sweat in the palm. Our gloves are well-suited for countless uses that require frequent glove changes food-related applications, household chores, personal care and for gardening. Made with a natural latex material, designed for total touch sensitivity, these gloves are made from soft stretch material sculpt themselves to the shape of your hands.",,073PEG,1,138,,Al Bayader,120,,,,,,HDPE gloves,,Hygiene and Protection > Gloves,"/al-bayader-disposable-hdpe-gloves-clear-embossed-100pcs-x-100pkts-1.jpg,/al-bayader-disposable-hdpe-gloves-clear-embossed-100pcs-x-100pkts-2.jpg,/al-bayader-disposable-hdpe-gloves-clear-embossed-100pcs-x-100pkts-3.jpg",Disposable gloves with powder are easy to wear and remove as the powder helps to absorb the sweat in the palm,"Our gloves are well-suited for countless uses that require frequent glove changes food-related applications, household chores, personal care and for gardening","Made with a natural latex material, designed for total touch sensitivity, these gloves are made from soft stretch material sculpt themselves to the shape of your hands",,,,,,,,Brand Name: Al Bayader,Material: HDPE,Color: Clear,,,,Model: 073PEG,,,,,,,,,,,,,,
,pack-10-0024,"Al Bayader - Brown Carry Bag Twisted Handle, 34 x 17.5 x 34cm Large - 250pcs",ALBAYADER,"Al Bayader - Brown Carry Bag Twisted Handle, 34 x 34 + 17.5cm Large - 250pcs","The recyclable handle carrier bags to carry multiple take away items. The bag is free standing, which makes it easier to load products into the bag. Compact construction.
 Easy to clean and maintain.",,044BCBL-H,1,212.75,,Al Bayader,185,,,,,,Paper Bags,,Bags > Shopping Bags > Kraft Bags,/al-bayader-brown-carry-bag-twisted-handle-34-x-34-+-17.5cm-large-250pcs-1.jpg,Takeaway Bags Twisted rope/paper Handles,"No elasticity, but it has a magical thing called ?gusset?",Customizable / Printable,,,,,,,,Brand Name: Al Bayader,Material: Paper,Color: Brown,Dimensions: 34 x 34 + 17.5cm,,,Model: 044BCBL-H,,,,,,,,,,,,,,
,pack-10-0025,"Al Bayader - Kraft Paper Bag with Twisted Handle, 36 x 26 + 12cm Small - 250pcs",ALBAYADER,"Al Bayader - Kraft Paper Bag with Twisted Handle, 36 x 26 + 12cm Small - 250pcs","The recyclable handle carrier bags to carry multiple take away items. The bag is free standing, which makes it easier to load products into the bag. Compact construction.
 Easy to clean and maintain.",,044BCBS-H,1,195.5,,Al Bayader,170,,,,,,Paper Bags,,Bags > Shopping Bags > Kraft Bags,/al-bayader-kraft-paper-bag-with-twisted-handle-36-x-26-+-12cm-small-250pcs-1.jpg,Takeaway Bags Twisted rope/paper Handles,"No elasticity, but it has a magical thing called ?gusset?",Customizable / Printable,,,,,,,,Brand Name: Al Bayader,Material: Paper,Color: Brown,Dimensions: 36 x 26 + 12cm,,,Model: 044BCBS-H,,,,,,,,,,,,,,
,pack-10-0026,"Al Bayader - Plain Bag with Twisted Handle, 29 x 29 + 15cm - Medium - 250pcs",ALBAYADER,"Al Bayader - Plain Bag with Twisted Handle, 29 x 29 + 15cm - Medium - 250pcs","The recyclable handle carrier bags to carry multiple take away items. The bag is free standing, which makes it easier to load products into the bag. Compact construction.
 Easy to clean and maintain.",,044BCBM-H,1,207,,Al Bayader,180,,,,,,Paper Bags,,Bags > Shopping Bags > Kraft Bags,/al-bayader-plain-bag-with-twisted-handle-29-x-29-+-15cm-medium-250pcs-1.jpg,Takeaway Bags Twisted rope/paper Handles,"No elasticity, but it has a magical thing called ?gusset?",Customizable / Printable,,,,,,,,Brand Name: Al Bayader,Material: Paper,Color: Brown,Dimensions: 29 x 29 + 15cm,,,Model: 044BCBM-H,,,,,,,,,,,,,,
,pack-10-0027,"Al Bayader - White Paper Bag with Twisted Handle, 29 x 29 + 15cm - 250pcs",ALBAYADER,"Al Bayader - White Paper Bag with Twisted Handle, 29 x 29 + 15cm - 250pcs","The recyclable handle carrier bags to carry multiple take away items. The bag is free standing, which makes it easier to load products into the bag. Compact construction.
 Easy to clean and maintain.",,044WCBM-H,1,218.5,,Al Bayader,190,,,,,,Paper Bags,,Bags > Shopping Bags > Kraft Bags,/al-bayader-white-paper-bag-with-twisted-handle-29-x-29-+-15cm-250pcs-1.jpg,Takeaway Bags Twisted rope/paper Handles,"No elasticity, but it has a magical thing called ?gusset?",Customizable / Printable,,,,,,,,Brand Name: Al Bayader,Material: Paper,Color: White,Dimensions: 29 x 29 + 15cm,,,Model: 044WCBM-H,,,,,,,,,,,,,,
,pack-10-0028,"Al Bayader - White Plain Bag Twisted Handle, 36.5x 29 + 17cm - 250pcs",ALBAYADER,"Al Bayader - White Plain Bag Twisted Handle, 36.5 x 29 + 17cm - 250pcs","The recyclable handle carrier bags to carry multiple take away items. The bag is free standing, which makes it easier to load products into the bag. Compact construction.
 Easy to clean and maintain.",,044WCB36-H,1,241.5,,Al Bayader,210,,,,,,Paper Bags,,Bags > Shopping Bags > Kraft Bags,/al-bayader-white-plain-bag-twisted-handle-36.5-x-29-+-17cm-250pcs-1.jpg,Takeaway Bags Twisted rope/paper Handles,"No elasticity, but it has a magical thing called ?gusset?",Customizable / Printable,,,,,,,,Brand Name: Al Bayader,Material: Paper,Color: White,Dimensions: 36.5x 29 + 17cm,,,Model: 044WCB36-H,,,,,,,,,,,,,,
,pack-10-0029,"Al Bayader - White Shopping Bag with Twisted Handle, 34 x 29 + 17cm - Large",ALBAYADER,"Al Bayader - White Shopping Bag with Twisted Handle, 34 x 29 + 17cm - Large","The recyclable handle carrier bags to carry multiple take away items. The bag is free standing, which makes it easier to load products into the bag. Compact construction.
 Easy to clean and maintain.",,044WCB34-H,1,230,,Al Bayader,200,,,,,,Paper Bags,,Bags > Shopping Bags > Kraft Bags,/al-bayader-white-shopping-bag-with-twisted-handle-34-x-29-+-17cm-large-1.jpg,Takeaway Bags Twisted rope/paper Handles,"No elasticity, but it has a magical thing called ?gusset?",Customizable / Printable,,,,,,,,Brand Name: Al Bayader,Material: Paper,Color: White,Dimensions: 34 x 29 + 17cm,,,Model: 044WCB34-H,,,,,,,,,,,,,,
,pack-10-0030,"Al Bayader - Croissant Food Bag, 14+7x26cm (For 8 Croissants) - 1000pcs",ALBAYADER,"Al Bayader - Croissant Food Bag, 14+7x26cm (For 8 Croissants) - 1000pcs","Al Bayader International paper bag is safe, strong and economical food serving alternatives for fast food, cafeterias, and catering services. These eco-friendly bag is disposable and is perfect for storing hot or cold. Environmentally friendly material.",,044C08,1,97.75,,Al Bayader,85,,,,,,Croissants Paper Bag,,Bags > All Specialty Bags > Cookie Bags,/al-bayader-croissant-food-bag-14-+-7-x-26cm-(for-8-croissants)-1000pcs-1.jpg,Environmentally friendly material,Printed Paper bags,Wrap and carry bags,,,,,,,,Brand Name: Al Bayader,Dimensions: 14+7x21cm,Packing/Carton: 1000 Pcs,Material: Paper,,,Model: 044C08,,,,,,,,,,,,,,
,pack-10-0031,"Al Bayader - Croissant Food Paper Bag, 18+8x35cm (For 14 Croissants) - 1000pcs",ALBAYADER,"Al Bayader - Croissant Food Paper Bag, 18+8x35cm (For 14 Croissants) - 1000pcs","Al Bayader International paper bag is safe, strong and economical food serving alternatives for fast food, cafeterias, and catering services. These eco-friendly bag is disposable and is perfect for storing hot or cold. Environmentally friendly material.",,044C14,1,138,,Al Bayader,120,,,,,,Croissants Paper Bag,,Bags > All Specialty Bags > Cookie Bags,/al-bayader-croissant-food-paper-bag-18-+-8-x-35cm-(for-14-croissants)-1000pcs-1.jpg,Environmentally friendly material,Printed Paper bags,Wrap and carry bags,,,,,,,,Brand Name: Al Bayader,Dimensions: 18+8x35cm,Packing/Carton: 1000 Pcs,Material: Paper,,,Model: 044C14,,,,,,,,,,,,,,
,pack-10-0032,"Al Bayader - Croissant Paper Bag, 26+8.5x35cm (For 16 Croissants) - 1000pcs",ALBAYADER,"Al Bayader - Croissant Paper Bag, 26+8.5x35cm (For 16 Croissants) - 1000pcs","Al Bayader International paper bag is safe, strong and economical food serving alternatives for fast food, cafeterias, and catering services. These eco-friendly bag is disposable and is perfect for storing hot or cold. Environmentally friendly material.",,044C16,1,178.25,,Al Bayader,155,,,,,,Croissants Paper Bag,,Bags > All Specialty Bags > Cookie Bags,/al-bayader-croissant-paper-bag-26-+-8.5-x-35cm-(for-16-croissants)-1000pcs-1.jpg,Environmentally friendly material,Printed Paper bags,Wrap and carry bags,,,,,,,,Brand Name: Al Bayader,Dimensions: 26+8.5x35cm,Packing/Carton: 1000 Pcs,Material: Paper,,,Model: 044C16,,,,,,,,,,,,,,
,pack-10-0033,"Al Bayader - Printed Food Paper Bag Greaseproof, 190x160+50mm - 1000pcs",ALBAYADER,"Al Bayader - Printed Food Paper Bag Greaseproof, 190x160+50mm - 1000pcs","Al Bayader International paper bag is safe, strong and economical food serving alternatives for fast food, cafeterias, and catering services. These eco-friendly bag is disposable and is perfect for storing hot or cold. Environmentally friendly material.",,044GP19,1,143.75,,Al Bayader,125,,,,,,Food Bag,,Bags > All Specialty Bags > Food Bags,/al-bayader-printed-food-paper-bag-greaseproof-190-x-160-+-50mm-1000pcs-1.jpg,Greeseproof Paper Bag,Printed Paper bags,Wrap and carry bags,,,,,,,,Brand Name: Al Bayader,Dimensions: 190x160+50mm,Packing/Carton: 1000 Pcs,Material: Paper,,,Model: 044GP19,,,,,,,,,,,,,,
,pack-10-0034,"Al Bayader - Printed Food Paper Bag Greaseproof, 265x195+50mm - 1000pcs",ALBAYADER,"Al Bayader - Printed Food Paper Bag Greaseproof, 265x195+50mm - 1000pcs","Al Bayader International paper bag is safe, strong and economical food serving alternatives for fast food, cafeterias, and catering services. These eco-friendly bag is disposable and is perfect for storing hot or cold. Environmentally friendly material.",,044GP26,1,166.75,,Al Bayader,145,,,,,,Food Bag,,Bags > All Specialty Bags > Food Bags,/al-bayader-printed-food-paper-bag-greaseproof-265-x-195-+-50mm-1000pcs-1.jpg,Greeseproof Paper Bag,Printed Paper bags,Wrap and carry bags,,,,,,,,Brand Name: Al Bayader,Dimensions: 265x195+50mm,Packing/Carton: 1000 Pcs,Material: Paper,,,Model: 044GP26,,,,,,,,,,,,,,
,pack-10-0035,"Al Bayader - White Disposal Foam Plate, 10.25in - 500pcs",ALBAYADER,"Al Bayader - White Disposal Foam Plate, 10.25in - 500pcs","Al Bayader International? Foam Plate is safe, strong and economical food serving alternatives for fast food, cafeterias, and catering services.",,034FP10T,1,80.2125,,Al Bayader,69.75,,,,,,Disposable Plates,,"Food Packaging > Plates, Bowls and Cups > Plates",/al-bayader-white-disposal-foam-plate-10.25in-500pcs-1.jpg,Lightweight and inexpensive,Strong insulating abilities,Cut-resistant and non-absorbent,,,,,,,,Brand Name: Al Bayader,Dimension: 10.25in,Color: White,,,,Model: 034FP10T,,,,,,,,,,,,,,
,pack-10-0036,"Al Bayader - White Ripple Paper Cup, 8oz - 25pcs x 40pkts",ALBAYADER,"Al Bayader - White Ripple Paper Cup, 8oz - 25pcs x 40pkts","Al Bayader International? Foam Cups with its multipurpose properties are a great alternative for any cold or hot drink cups requirements. Best of all they are strong, safe and economical. Available in popular sizes with up to 5-colors printing option.",,042CG8,1,112.2975,,Al Bayader,97.65,,,,,,Disposable Cups,,Paper Products > Ripple Paper Cups,/al-bayader-white-ripple-paper-cup-8oz-25pcs-x-40pkts-1.jpg,Corrugated paper cup and ripple paper cup,Paper coffee cup,Ripple wall cups suitable for all drinks,,,,,,,,Brand Name: Al Bayader,Product Size: 8 oz,Color: White,,,,Model: 042CG8,,,,,,,,,,,,,,
,pack-10-0037,"Al Bayader - White Disposal Foam Cup, 6oz - 25pcsx40pkts",ALBAYADER,"Al Bayader - White Disposal Foam Cup, 6oz - 25pcsx40pkts","Al Bayader International? Foam Cups with its multipurpose properties are a great alternative for any cold or hot drink cups requirements. Best of all they are strong, safe and economical. Available in popular sizes with up to 5-colors printing option.",,032FC06,1,53.475,,Al Bayader,46.5,,,,,,Disposable Cups,,"Food Packaging > Plates, Bowls and Cups > Cups",/al-bayader-white-disposal-foam-cup-6oz-25pcs-x-40pkts-1.jpg,Ideal option for hot or cold beverages,"Low-cost, lightweight vessel",Foam cups are available in traditional white,,,,,,,,Brand Name: Al Bayader,Product Size: 6 oz,Color: White,,,,Model: 032FC06,,,,,,,,,,,,,,
,pack-10-0038,"AL Bayader - Printed Paper Cup with Handle 7oz, Mocha - 50pcsx20pkts",ALBAYADER,"AL Bayader - Printed Paper Cup with Handle 7oz, Mocha - 50pcsx20pkts",Al Bayader International? Printed Paper Cup with handle is just right for hot drinks. The handle makes it comfortable to hold.,,042PCU7M,1,64.17,,Al Bayader,55.8,,,,,,Single Wall Cups,,Paper Products > Single Wall Cups,/al-bayader-printed-paper-cup-with-handle-7oz-mocha-50pcs-x-20pkts-1.jpg,High quality paper cups,Easy to hold hot & cold beverages,GSM 190,,,,,,,,Brand Name: Al Bayader,Product Size: 7oz,Material: Paper,,,,Model: 042PCU7M,,,,,,,,,,,,,,
,pack-10-0039,"AL Bayader - Printed Paper Cups 7oz, Mocha - 1000pcs",ALBAYADER,"AL Bayader - Printed Paper Cups 7oz, Mocha - 1000pcs","Al Bayader International Printed Paper Cup is just right for hot or cold drinks as it is comfortable to hold & drink. These eco-friendly paper cups are disposable & is perfect for hot & cold drinks. Environmentally friendly, making it a responsible choice for your business.",,042PCU7M/NH,1,63.25,,Al Bayader,55,,,,,,Single Wall Cups,,Paper Products > Single Wall Cups,/al-bayader-printed-paper-cups-7oz-mocha-1000pcs-1.jpg,High quality paper cups,Easy to hold hot & cold beverages,GSM 190,,,,,,,,Brand Name: Al Bayader,Product Size: 7oz,Material: Paper,,,,Model: 042PCU7M/NH,,,,,,,,,,,,,,
,pack-10-0040,"AL Bayader - Plain Paper Cup 4oz, White - 50pcsx20pkts",ALBAYADER,"AL Bayader - Plain Paper Cup 4oz, White - 50pcsx20pkts","Al Bayader International Printed Paper Cup is just right for hot or cold drinks as it is comfortable to hold & drink. These eco-friendly paper cups are disposable & is perfect for hot & cold drinks. Environmentally friendly, making it a responsible choice for your business.",,042PCU4P,1,69,,Al Bayader,60,,,,,,Single Wall Cups,,Paper Products > Single Wall Cups,/al-bayader-plain-paper-cup-4oz-white-50pcs-x-20pkts-1.jpg,High quality paper cups,Easy to hold hot & cold beverages,Ideal option for hot or cold beverages,,,,,,,,Brand Name: Al Bayader,Product Size: 4oz,Material: Paper,,,,Model: 042PCU4P,,,,,,,,,,,,,,
,pack-10-0041,"AL Bayader - Printed Paper Cup 6.5oz, Blue Skies - 50pcsx20pkts",ALBAYADER,"AL Bayader - Printed Paper Cup 6.5oz, Blue Skies - 50pcsx20pkts","Al Bayader International Printed Paper Cup is just right for hot or cold drinks as it is comfortable to hold & drink. These eco-friendly paper cups are disposable & is perfect for hot & cold drinks. Environmentally friendly, making it a responsible choice for your business.",,042PCU6.5,1,63.25,,Al Bayader,55,,,,,,Single Wall Cups,,Paper Products > Single Wall Cups,/al-bayader-printed-paper-cup-6.5oz-blue-skies-50pcs-x-20pkts-1.jpg,High quality paper cups,Easy to hold hot & cold beverages,Ideal option for hot or cold beverages,,,,,,,,Brand Name: Al Bayader,Product Size: 6.5oz,Material: Paper,,,,Model: 042PCU6.5,,,,,,,,,,,,,,
